"","id","kota","gender","usia","pernah","rating","tempat_1","tempat_2","tempat_3","tempat_4","tempat_5"
"1",1,"Bandung","wanita",35,"ya","sangat tidak suka","pasar","warung",NA,NA,NA
"2",2,"Jakarta","wanita",32,"tidak","tidak suka",NA,NA,NA,NA,NA
"3",3,"Jakarta","pria",27,"tidak","suka",NA,NA,NA,NA,NA
"4",4,"Bandung","pria",39,"ya","tidak suka","online","supermarket","warung","minimarket","pasar"
"5",5,"Bandung","pria",30,"tidak","sangat suka",NA,NA,NA,NA,NA
"6",6,"Bandung","wanita",31,"ya","sangat suka","warung","minimarket","supermarket","pasar",NA
"7",7,"Tasikmalaya","pria",38,"ya","suka","minimarket","online","supermarket","pasar",NA
"8",8,"Sukabumi","wanita",30,"ya","sangat tidak suka","supermarket","warung","online",NA,NA
"9",9,"Garut","wanita",39,"tidak","sangat tidak suka",NA,NA,NA,NA,NA
"10",10,"Bandung","wanita",26,"tidak","sangat suka",NA,NA,NA,NA,NA
"11",11,"Jakarta","wanita",33,"ya","sangat tidak suka","online","supermarket",NA,NA,NA
"12",12,"Tasikmalaya","wanita",30,"ya","suka","supermarket","warung","online","minimarket",NA
"13",13,"Sukabumi","wanita",38,"tidak","sangat tidak suka",NA,NA,NA,NA,NA
"14",14,"Tasikmalaya","wanita",33,"tidak","suka",NA,NA,NA,NA,NA
"15",15,"Garut","pria",35,"ya","sangat tidak suka","pasar","supermarket","online","minimarket",NA
"16",16,"Bandung","wanita",34,"ya","suka","supermarket","online","pasar",NA,NA
"17",17,"Tasikmalaya","wanita",25,"tidak","suka",NA,NA,NA,NA,NA
"18",18,"Garut","pria",34,"tidak","suka",NA,NA,NA,NA,NA
"19",19,"Tasikmalaya","wanita",27,"ya","suka","online",NA,NA,NA,NA
"20",20,"Sukabumi","pria",34,"ya","suka","pasar","warung","online",NA,NA
"21",21,"Garut","wanita",25,"tidak","sangat suka",NA,NA,NA,NA,NA
"22",22,"Garut","wanita",40,"ya","tidak suka","supermarket","pasar","minimarket",NA,NA
"23",23,"Bandung","wanita",26,"tidak","sangat tidak suka",NA,NA,NA,NA,NA
"24",24,"Sukabumi","wanita",25,"tidak","sangat suka",NA,NA,NA,NA,NA
"25",25,"Sukabumi","pria",36,"ya","suka","supermarket","pasar","minimarket",NA,NA
"26",26,"Bandung","wanita",40,"tidak","suka",NA,NA,NA,NA,NA
"27",27,"Tasikmalaya","wanita",35,"tidak","sangat tidak suka",NA,NA,NA,NA,NA
"28",28,"Sukabumi","wanita",26,"ya","suka","pasar","online",NA,NA,NA
"29",29,"Sukabumi","wanita",36,"tidak","suka",NA,NA,NA,NA,NA
"30",30,"Bandung","wanita",40,"tidak","suka",NA,NA,NA,NA,NA
"31",31,"Bandung","wanita",32,"tidak","suka",NA,NA,NA,NA,NA
"32",32,"Bandung","pria",32,"tidak","sangat suka",NA,NA,NA,NA,NA
"33",33,"Sukabumi","wanita",27,"ya","suka","minimarket","warung","supermarket","online",NA
"34",34,"Sukabumi","pria",30,"ya","sangat tidak suka","online","pasar",NA,NA,NA
"35",35,"Tasikmalaya","pria",36,"tidak","suka",NA,NA,NA,NA,NA
"36",36,"Jakarta","wanita",32,"tidak","suka",NA,NA,NA,NA,NA
"37",37,"Bandung","pria",28,"tidak","suka",NA,NA,NA,NA,NA
"38",38,"Sukabumi","pria",31,"ya","suka","warung","minimarket","supermarket",NA,NA
"39",39,"Sukabumi","wanita",25,"tidak","suka",NA,NA,NA,NA,NA
"40",40,"Sukabumi","pria",38,"ya","sangat tidak suka","minimarket","online","warung","supermarket","pasar"
"41",41,"Garut","pria",30,"tidak","suka",NA,NA,NA,NA,NA
"42",42,"Jakarta","pria",33,"tidak","sangat tidak suka",NA,NA,NA,NA,NA
"43",43,"Tasikmalaya","wanita",25,"tidak","suka",NA,NA,NA,NA,NA
"44",44,"Bandung","pria",33,"ya","suka","pasar","minimarket","online",NA,NA
"45",45,"Tasikmalaya","pria",33,"tidak","tidak suka",NA,NA,NA,NA,NA
"46",46,"Jakarta","pria",28,"tidak","suka",NA,NA,NA,NA,NA
"47",47,"Tasikmalaya","pria",37,"tidak","sangat suka",NA,NA,NA,NA,NA
"48",48,"Sukabumi","wanita",32,"tidak","suka",NA,NA,NA,NA,NA
"49",49,"Jakarta","wanita",33,"tidak","suka",NA,NA,NA,NA,NA
"50",50,"Bandung","wanita",26,"tidak","sangat suka",NA,NA,NA,NA,NA
"51",51,"Garut","wanita",30,"ya","suka","warung","supermarket","pasar",NA,NA
"52",52,"Sukabumi","pria",25,"tidak","suka",NA,NA,NA,NA,NA
"53",53,"Jakarta","pria",31,"tidak","suka",NA,NA,NA,NA,NA
"54",54,"Tasikmalaya","pria",31,"tidak","sangat tidak suka",NA,NA,NA,NA,NA
"55",55,"Garut","wanita",39,"tidak","suka",NA,NA,NA,NA,NA
"56",56,"Tasikmalaya","wanita",35,"tidak","sangat suka",NA,NA,NA,NA,NA
"57",57,"Sukabumi","wanita",40,"ya","sangat tidak suka","warung","supermarket","pasar","online",NA
"58",58,"Tasikmalaya","wanita",32,"tidak","suka",NA,NA,NA,NA,NA
"59",59,"Sukabumi","wanita",28,"ya","suka","pasar","minimarket","warung","supermarket",NA
"60",60,"Tasikmalaya","wanita",36,"tidak","sangat suka",NA,NA,NA,NA,NA
"61",61,"Sukabumi","wanita",35,"tidak","sangat suka",NA,NA,NA,NA,NA
"62",62,"Bandung","pria",35,"tidak","tidak suka",NA,NA,NA,NA,NA
"63",63,"Garut","wanita",27,"tidak","suka",NA,NA,NA,NA,NA
"64",64,"Sukabumi","wanita",40,"tidak","tidak suka",NA,NA,NA,NA,NA
"65",65,"Sukabumi","pria",31,"tidak","suka",NA,NA,NA,NA,NA
"66",66,"Tasikmalaya","wanita",25,"tidak","sangat tidak suka",NA,NA,NA,NA,NA
"67",67,"Garut","wanita",25,"tidak","suka",NA,NA,NA,NA,NA
"68",68,"Jakarta","pria",36,"ya","sangat tidak suka","supermarket","minimarket","warung",NA,NA
"69",69,"Garut","wanita",25,"tidak","sangat tidak suka",NA,NA,NA,NA,NA
"70",70,"Bandung","pria",28,"ya","sangat tidak suka","online","minimarket","supermarket","pasar",NA
"71",71,"Bandung","pria",31,"tidak","suka",NA,NA,NA,NA,NA
"72",72,"Sukabumi","wanita",25,"ya","sangat tidak suka","online","warung","supermarket","pasar",NA
"73",73,"Sukabumi","pria",26,"ya","suka","warung","online","minimarket","supermarket","pasar"
"74",74,"Bandung","pria",29,"tidak","suka",NA,NA,NA,NA,NA
"75",75,"Garut","wanita",27,"ya","suka","online","warung",NA,NA,NA
"76",76,"Bandung","wanita",38,"ya","suka","pasar","online","minimarket","supermarket",NA
"77",77,"Sukabumi","wanita",27,"tidak","suka",NA,NA,NA,NA,NA
"78",78,"Jakarta","pria",39,"ya","suka","pasar","online","warung","supermarket",NA
"79",79,"Garut","pria",34,"ya","sangat suka","minimarket","supermarket","pasar",NA,NA
"80",80,"Tasikmalaya","pria",34,"ya","sangat tidak suka","supermarket","minimarket","online","warung",NA
"81",81,"Tasikmalaya","pria",40,"tidak","sangat suka",NA,NA,NA,NA,NA
"82",82,"Jakarta","wanita",36,"tidak","suka",NA,NA,NA,NA,NA
"83",83,"Jakarta","pria",34,"tidak","sangat tidak suka",NA,NA,NA,NA,NA
"84",84,"Sukabumi","wanita",39,"ya","suka","minimarket","online",NA,NA,NA
"85",85,"Garut","wanita",37,"ya","suka","minimarket","pasar","warung",NA,NA
"86",86,"Sukabumi","wanita",25,"ya","sangat suka","supermarket","online","minimarket",NA,NA
"87",87,"Jakarta","wanita",37,"tidak","sangat tidak suka",NA,NA,NA,NA,NA
"88",88,"Jakarta","wanita",25,"ya","suka","online","supermarket",NA,NA,NA
"89",89,"Jakarta","wanita",34,"tidak","suka",NA,NA,NA,NA,NA
"90",90,"Sukabumi","wanita",36,"ya","suka","minimarket","pasar","warung",NA,NA
"91",91,"Garut","wanita",31,"ya","suka","minimarket","supermarket","online",NA,NA
"92",92,"Bandung","wanita",26,"ya","sangat tidak suka","pasar","warung",NA,NA,NA
"93",93,"Garut","pria",37,"tidak","sangat tidak suka",NA,NA,NA,NA,NA
"94",94,"Jakarta","wanita",26,"tidak","sangat tidak suka",NA,NA,NA,NA,NA
"95",95,"Tasikmalaya","wanita",26,"ya","suka","pasar","online","warung","minimarket",NA
"96",96,"Garut","wanita",40,"tidak","sangat tidak suka",NA,NA,NA,NA,NA
"97",97,"Jakarta","wanita",29,"tidak","suka",NA,NA,NA,NA,NA
"98",98,"Jakarta","pria",38,"ya","sangat suka","supermarket","minimarket","pasar","online","warung"
"99",99,"Garut","wanita",34,"tidak","suka",NA,NA,NA,NA,NA
"100",100,"Jakarta","wanita",33,"ya","tidak suka","warung","pasar","supermarket","online",NA
"101",101,"Jakarta","pria",27,"ya","suka","online","supermarket",NA,NA,NA
"102",102,"Bandung","wanita",35,"tidak","suka",NA,NA,NA,NA,NA
"103",103,"Sukabumi","pria",27,"tidak","sangat suka",NA,NA,NA,NA,NA
"104",104,"Tasikmalaya","pria",31,"ya","suka","supermarket","warung",NA,NA,NA
"105",105,"Tasikmalaya","wanita",36,"ya","sangat tidak suka","online","supermarket","pasar","warung",NA
"106",106,"Jakarta","wanita",29,"tidak","suka",NA,NA,NA,NA,NA
"107",107,"Tasikmalaya","wanita",29,"tidak","suka",NA,NA,NA,NA,NA
"108",108,"Tasikmalaya","wanita",25,"tidak","sangat tidak suka",NA,NA,NA,NA,NA
"109",109,"Garut","wanita",37,"tidak","sangat tidak suka",NA,NA,NA,NA,NA
"110",110,"Bandung","wanita",31,"ya","suka","online","warung",NA,NA,NA
"111",111,"Garut","wanita",26,"tidak","sangat tidak suka",NA,NA,NA,NA,NA
"112",112,"Jakarta","pria",27,"tidak","suka",NA,NA,NA,NA,NA
"113",113,"Jakarta","wanita",25,"tidak","sangat tidak suka",NA,NA,NA,NA,NA
"114",114,"Garut","wanita",25,"tidak","suka",NA,NA,NA,NA,NA
"115",115,"Tasikmalaya","pria",33,"ya","sangat tidak suka","supermarket","online","minimarket","warung",NA
"116",116,"Garut","wanita",31,"tidak","suka",NA,NA,NA,NA,NA
"117",117,"Garut","wanita",34,"tidak","sangat suka",NA,NA,NA,NA,NA
"118",118,"Bandung","wanita",28,"tidak","sangat tidak suka",NA,NA,NA,NA,NA
"119",119,"Sukabumi","wanita",38,"tidak","sangat suka",NA,NA,NA,NA,NA
"120",120,"Bandung","wanita",34,"tidak","sangat suka",NA,NA,NA,NA,NA
"121",121,"Tasikmalaya","pria",38,"tidak","sangat tidak suka",NA,NA,NA,NA,NA
"122",122,"Bandung","wanita",33,"tidak","sangat suka",NA,NA,NA,NA,NA
"123",123,"Tasikmalaya","wanita",39,"tidak","suka",NA,NA,NA,NA,NA
"124",124,"Bandung","pria",39,"ya","suka","pasar","supermarket","warung","minimarket",NA
"125",125,"Tasikmalaya","wanita",36,"tidak","suka",NA,NA,NA,NA,NA
"126",126,"Sukabumi","wanita",39,"ya","sangat tidak suka","minimarket","pasar","warung","supermarket","online"
"127",127,"Jakarta","wanita",31,"ya","suka","warung","online","supermarket","minimarket",NA
"128",128,"Bandung","pria",40,"tidak","sangat tidak suka",NA,NA,NA,NA,NA
"129",129,"Jakarta","wanita",28,"ya","suka","supermarket","pasar","online",NA,NA
"130",130,"Sukabumi","pria",37,"tidak","sangat suka",NA,NA,NA,NA,NA
"131",131,"Jakarta","wanita",40,"tidak","sangat tidak suka",NA,NA,NA,NA,NA
"132",132,"Bandung","wanita",29,"tidak","sangat tidak suka",NA,NA,NA,NA,NA
"133",133,"Garut","wanita",27,"ya","suka","pasar","online","minimarket","supermarket",NA
"134",134,"Bandung","pria",25,"tidak","sangat tidak suka",NA,NA,NA,NA,NA
"135",135,"Garut","wanita",30,"tidak","suka",NA,NA,NA,NA,NA
"136",136,"Jakarta","wanita",37,"ya","suka","online","warung","minimarket",NA,NA
"137",137,"Tasikmalaya","wanita",37,"ya","sangat tidak suka","supermarket","pasar",NA,NA,NA
"138",138,"Garut","pria",40,"tidak","sangat tidak suka",NA,NA,NA,NA,NA
"139",139,"Sukabumi","wanita",38,"ya","sangat tidak suka","online",NA,NA,NA,NA
"140",140,"Garut","pria",37,"tidak","sangat suka",NA,NA,NA,NA,NA
"141",141,"Tasikmalaya","wanita",33,"ya","tidak suka","online","supermarket","pasar","warung","minimarket"
"142",142,"Bandung","wanita",29,"tidak","suka",NA,NA,NA,NA,NA
"143",143,"Jakarta","wanita",28,"tidak","tidak suka",NA,NA,NA,NA,NA
"144",144,"Jakarta","wanita",29,"tidak","tidak suka",NA,NA,NA,NA,NA
"145",145,"Bandung","wanita",29,"tidak","sangat suka",NA,NA,NA,NA,NA
"146",146,"Bandung","wanita",37,"tidak","suka",NA,NA,NA,NA,NA
"147",147,"Garut","wanita",32,"ya","suka","warung","pasar","supermarket","online",NA
"148",148,"Sukabumi","wanita",31,"tidak","sangat tidak suka",NA,NA,NA,NA,NA
"149",149,"Sukabumi","wanita",25,"ya","tidak suka","supermarket","online","warung","pasar",NA
"150",150,"Sukabumi","wanita",30,"ya","tidak suka","minimarket","warung","online",NA,NA
"151",151,"Garut","wanita",37,"tidak","suka",NA,NA,NA,NA,NA
"152",152,"Garut","pria",38,"tidak","tidak suka",NA,NA,NA,NA,NA
"153",153,"Jakarta","wanita",40,"tidak","sangat tidak suka",NA,NA,NA,NA,NA
"154",154,"Tasikmalaya","pria",38,"tidak","sangat tidak suka",NA,NA,NA,NA,NA
"155",155,"Jakarta","wanita",33,"ya","suka","pasar","warung","supermarket","online",NA
"156",156,"Sukabumi","wanita",26,"tidak","sangat tidak suka",NA,NA,NA,NA,NA
"157",157,"Sukabumi","wanita",28,"tidak","suka",NA,NA,NA,NA,NA
"158",158,"Tasikmalaya","wanita",31,"tidak","tidak suka",NA,NA,NA,NA,NA
"159",159,"Jakarta","wanita",29,"tidak","sangat suka",NA,NA,NA,NA,NA
"160",160,"Tasikmalaya","wanita",29,"ya","suka","supermarket","warung","minimarket","pasar","online"
"161",161,"Bandung","wanita",36,"tidak","sangat suka",NA,NA,NA,NA,NA
"162",162,"Jakarta","wanita",32,"tidak","suka",NA,NA,NA,NA,NA
"163",163,"Bandung","wanita",40,"tidak","sangat tidak suka",NA,NA,NA,NA,NA
"164",164,"Jakarta","wanita",35,"ya","suka","pasar","warung","online",NA,NA
"165",165,"Bandung","wanita",37,"tidak","tidak suka",NA,NA,NA,NA,NA
"166",166,"Tasikmalaya","wanita",39,"tidak","suka",NA,NA,NA,NA,NA
"167",167,"Jakarta","wanita",29,"ya","suka","warung","supermarket","minimarket","online",NA
"168",168,"Bandung","wanita",29,"tidak","suka",NA,NA,NA,NA,NA
"169",169,"Sukabumi","wanita",35,"tidak","sangat suka",NA,NA,NA,NA,NA
"170",170,"Jakarta","pria",26,"tidak","tidak suka",NA,NA,NA,NA,NA
"171",171,"Jakarta","pria",32,"tidak","suka",NA,NA,NA,NA,NA
"172",172,"Sukabumi","wanita",27,"tidak","sangat tidak suka",NA,NA,NA,NA,NA
"173",173,"Garut","wanita",38,"ya","suka","warung","supermarket","pasar","online","minimarket"
"174",174,"Garut","wanita",33,"tidak","sangat tidak suka",NA,NA,NA,NA,NA
"175",175,"Jakarta","pria",33,"ya","sangat suka","minimarket","online",NA,NA,NA
"176",176,"Jakarta","wanita",26,"tidak","tidak suka",NA,NA,NA,NA,NA
"177",177,"Jakarta","wanita",34,"ya","suka","warung","pasar","supermarket","online",NA
"178",178,"Bandung","wanita",25,"ya","sangat tidak suka","pasar","online",NA,NA,NA
"179",179,"Bandung","pria",26,"tidak","suka",NA,NA,NA,NA,NA
"180",180,"Sukabumi","wanita",39,"ya","sangat tidak suka","pasar","supermarket","minimarket","warung",NA
"181",181,"Bandung","pria",32,"ya","sangat tidak suka","online","minimarket","supermarket","pasar",NA
"182",182,"Jakarta","wanita",33,"tidak","suka",NA,NA,NA,NA,NA
"183",183,"Bandung","wanita",40,"ya","tidak suka","supermarket","warung","minimarket","pasar","online"
"184",184,"Garut","wanita",33,"tidak","suka",NA,NA,NA,NA,NA
"185",185,"Sukabumi","wanita",30,"tidak","suka",NA,NA,NA,NA,NA
"186",186,"Jakarta","wanita",36,"tidak","sangat suka",NA,NA,NA,NA,NA
"187",187,"Sukabumi","wanita",31,"ya","suka","online","warung","pasar",NA,NA
"188",188,"Tasikmalaya","wanita",37,"tidak","suka",NA,NA,NA,NA,NA
"189",189,"Sukabumi","pria",30,"ya","sangat tidak suka","online","supermarket",NA,NA,NA
"190",190,"Bandung","pria",26,"tidak","sangat suka",NA,NA,NA,NA,NA
"191",191,"Bandung","pria",39,"tidak","sangat suka",NA,NA,NA,NA,NA
"192",192,"Jakarta","wanita",35,"ya","suka","minimarket","online","supermarket","warung",NA
"193",193,"Jakarta","wanita",32,"ya","suka","warung","supermarket","online",NA,NA
"194",194,"Tasikmalaya","pria",38,"tidak","sangat suka",NA,NA,NA,NA,NA
"195",195,"Garut","pria",37,"ya","suka","supermarket","pasar","online","minimarket",NA
"196",196,"Bandung","pria",25,"tidak","suka",NA,NA,NA,NA,NA
"197",197,"Bandung","wanita",32,"tidak","suka",NA,NA,NA,NA,NA
"198",198,"Garut","wanita",31,"tidak","suka",NA,NA,NA,NA,NA
"199",199,"Garut","wanita",37,"tidak","sangat suka",NA,NA,NA,NA,NA
"200",200,"Garut","wanita",26,"ya","suka","pasar",NA,NA,NA,NA
"201",201,"Tasikmalaya","wanita",34,"ya","sangat tidak suka","pasar","online","warung","supermarket","minimarket"
"202",202,"Sukabumi","wanita",35,"tidak","suka",NA,NA,NA,NA,NA
"203",203,"Sukabumi","pria",39,"tidak","suka",NA,NA,NA,NA,NA
"204",204,"Tasikmalaya","pria",31,"ya","suka","pasar","warung","minimarket","online","supermarket"
"205",205,"Sukabumi","pria",40,"tidak","suka",NA,NA,NA,NA,NA
"206",206,"Sukabumi","wanita",31,"ya","tidak suka","pasar","warung","online",NA,NA
"207",207,"Bandung","wanita",31,"ya","tidak suka","pasar","warung","minimarket",NA,NA
"208",208,"Garut","pria",26,"ya","suka","warung","supermarket","minimarket","online","pasar"
"209",209,"Tasikmalaya","wanita",37,"tidak","suka",NA,NA,NA,NA,NA
"210",210,"Bandung","wanita",37,"tidak","suka",NA,NA,NA,NA,NA
"211",211,"Tasikmalaya","wanita",39,"ya","suka","warung","online","minimarket","supermarket",NA
"212",212,"Garut","wanita",28,"ya","sangat suka","online","minimarket","supermarket",NA,NA
"213",213,"Tasikmalaya","wanita",30,"tidak","sangat tidak suka",NA,NA,NA,NA,NA
"214",214,"Bandung","pria",40,"tidak","suka",NA,NA,NA,NA,NA
"215",215,"Tasikmalaya","wanita",27,"ya","tidak suka","warung","supermarket","pasar",NA,NA
"216",216,"Tasikmalaya","wanita",32,"ya","suka","warung",NA,NA,NA,NA
"217",217,"Bandung","wanita",39,"tidak","sangat tidak suka",NA,NA,NA,NA,NA
"218",218,"Sukabumi","wanita",33,"tidak","sangat tidak suka",NA,NA,NA,NA,NA
"219",219,"Garut","wanita",32,"ya","suka","pasar","minimarket","warung",NA,NA
"220",220,"Jakarta","wanita",33,"ya","sangat tidak suka","pasar","online","minimarket",NA,NA
"221",221,"Jakarta","wanita",27,"tidak","suka",NA,NA,NA,NA,NA
"222",222,"Bandung","wanita",28,"ya","sangat tidak suka","online","minimarket","supermarket","warung",NA
"223",223,"Jakarta","wanita",29,"tidak","suka",NA,NA,NA,NA,NA
"224",224,"Sukabumi","wanita",28,"tidak","suka",NA,NA,NA,NA,NA
"225",225,"Sukabumi","wanita",29,"ya","suka","supermarket","pasar","warung","minimarket",NA
"226",226,"Tasikmalaya","pria",29,"tidak","sangat tidak suka",NA,NA,NA,NA,NA
"227",227,"Garut","wanita",36,"tidak","sangat tidak suka",NA,NA,NA,NA,NA
"228",228,"Jakarta","pria",35,"ya","sangat tidak suka","pasar","minimarket","warung",NA,NA
"229",229,"Tasikmalaya","wanita",27,"tidak","sangat tidak suka",NA,NA,NA,NA,NA
"230",230,"Garut","pria",25,"tidak","tidak suka",NA,NA,NA,NA,NA
"231",231,"Bandung","wanita",27,"tidak","suka",NA,NA,NA,NA,NA
"232",232,"Jakarta","pria",36,"tidak","suka",NA,NA,NA,NA,NA
"233",233,"Garut","pria",30,"ya","sangat tidak suka","minimarket","online","supermarket","pasar",NA
"234",234,"Bandung","wanita",31,"ya","sangat suka","pasar","online","warung","minimarket","supermarket"
"235",235,"Jakarta","wanita",25,"tidak","suka",NA,NA,NA,NA,NA
"236",236,"Bandung","wanita",25,"tidak","sangat suka",NA,NA,NA,NA,NA
"237",237,"Sukabumi","pria",33,"tidak","suka",NA,NA,NA,NA,NA
"238",238,"Tasikmalaya","pria",36,"ya","suka","supermarket","online","pasar","warung",NA
"239",239,"Jakarta","pria",27,"tidak","suka",NA,NA,NA,NA,NA
"240",240,"Bandung","pria",28,"ya","tidak suka","minimarket","pasar","warung","supermarket",NA
"241",241,"Tasikmalaya","pria",25,"tidak","suka",NA,NA,NA,NA,NA
"242",242,"Tasikmalaya","wanita",31,"tidak","suka",NA,NA,NA,NA,NA
"243",243,"Bandung","wanita",32,"tidak","tidak suka",NA,NA,NA,NA,NA
"244",244,"Tasikmalaya","wanita",32,"ya","sangat tidak suka","supermarket","minimarket","warung",NA,NA
"245",245,"Sukabumi","wanita",31,"tidak","suka",NA,NA,NA,NA,NA
"246",246,"Bandung","wanita",25,"tidak","sangat tidak suka",NA,NA,NA,NA,NA
"247",247,"Bandung","wanita",28,"tidak","suka",NA,NA,NA,NA,NA
"248",248,"Garut","pria",32,"tidak","sangat tidak suka",NA,NA,NA,NA,NA
"249",249,"Jakarta","pria",25,"tidak","suka",NA,NA,NA,NA,NA
"250",250,"Jakarta","wanita",28,"tidak","suka",NA,NA,NA,NA,NA
"251",251,"Jakarta","wanita",26,"ya","sangat suka","online","pasar","warung","supermarket",NA
"252",252,"Tasikmalaya","wanita",25,"tidak","sangat suka",NA,NA,NA,NA,NA
"253",253,"Sukabumi","wanita",28,"tidak","sangat tidak suka",NA,NA,NA,NA,NA
"254",254,"Jakarta","wanita",25,"tidak","suka",NA,NA,NA,NA,NA
"255",255,"Bandung","wanita",28,"tidak","suka",NA,NA,NA,NA,NA
"256",256,"Garut","pria",30,"tidak","tidak suka",NA,NA,NA,NA,NA
"257",257,"Sukabumi","wanita",36,"ya","sangat tidak suka","online","minimarket","pasar","supermarket",NA
"258",258,"Jakarta","wanita",31,"tidak","suka",NA,NA,NA,NA,NA
"259",259,"Sukabumi","wanita",31,"ya","sangat suka","pasar",NA,NA,NA,NA
"260",260,"Tasikmalaya","wanita",38,"tidak","sangat tidak suka",NA,NA,NA,NA,NA
"261",261,"Jakarta","wanita",31,"tidak","tidak suka",NA,NA,NA,NA,NA
"262",262,"Tasikmalaya","wanita",29,"tidak","tidak suka",NA,NA,NA,NA,NA
"263",263,"Garut","wanita",35,"tidak","suka",NA,NA,NA,NA,NA
"264",264,"Garut","wanita",30,"tidak","suka",NA,NA,NA,NA,NA
"265",265,"Tasikmalaya","wanita",38,"tidak","suka",NA,NA,NA,NA,NA
"266",266,"Sukabumi","pria",39,"tidak","suka",NA,NA,NA,NA,NA
"267",267,"Bandung","wanita",25,"tidak","suka",NA,NA,NA,NA,NA
"268",268,"Jakarta","pria",38,"ya","suka","pasar","warung","supermarket","online",NA
"269",269,"Tasikmalaya","pria",39,"tidak","suka",NA,NA,NA,NA,NA
"270",270,"Garut","wanita",35,"ya","sangat tidak suka","warung","online","minimarket",NA,NA
"271",271,"Tasikmalaya","wanita",31,"tidak","sangat tidak suka",NA,NA,NA,NA,NA
"272",272,"Tasikmalaya","wanita",35,"ya","sangat tidak suka","supermarket",NA,NA,NA,NA
"273",273,"Garut","wanita",37,"ya","sangat tidak suka","pasar","minimarket","warung","online","supermarket"
"274",274,"Garut","pria",36,"tidak","sangat tidak suka",NA,NA,NA,NA,NA
"275",275,"Jakarta","wanita",27,"ya","suka","online","pasar","warung","minimarket",NA
"276",276,"Bandung","wanita",37,"ya","suka","supermarket","pasar",NA,NA,NA
"277",277,"Garut","pria",27,"tidak","suka",NA,NA,NA,NA,NA
"278",278,"Sukabumi","wanita",29,"ya","suka","supermarket","pasar","online","minimarket",NA
"279",279,"Tasikmalaya","wanita",36,"ya","suka","warung","online","supermarket","pasar",NA
"280",280,"Bandung","pria",32,"ya","sangat suka","pasar",NA,NA,NA,NA
"281",281,"Jakarta","wanita",27,"tidak","suka",NA,NA,NA,NA,NA
"282",282,"Tasikmalaya","pria",32,"tidak","suka",NA,NA,NA,NA,NA
"283",283,"Garut","wanita",27,"tidak","suka",NA,NA,NA,NA,NA
"284",284,"Sukabumi","wanita",33,"ya","sangat tidak suka","pasar","warung","supermarket","online",NA
"285",285,"Sukabumi","wanita",29,"ya","suka","online","minimarket","supermarket","warung",NA
"286",286,"Jakarta","pria",39,"ya","sangat suka","supermarket",NA,NA,NA,NA
"287",287,"Garut","wanita",39,"tidak","suka",NA,NA,NA,NA,NA
"288",288,"Garut","pria",28,"ya","sangat tidak suka","minimarket","warung","online","pasar","supermarket"
"289",289,"Garut","wanita",25,"tidak","sangat suka",NA,NA,NA,NA,NA
"290",290,"Jakarta","wanita",30,"ya","suka","minimarket","warung","supermarket","online","pasar"
"291",291,"Tasikmalaya","wanita",25,"ya","suka","warung","supermarket","online","minimarket",NA
"292",292,"Sukabumi","wanita",33,"ya","suka","supermarket","online","minimarket",NA,NA
"293",293,"Garut","wanita",40,"tidak","suka",NA,NA,NA,NA,NA
"294",294,"Jakarta","wanita",26,"tidak","tidak suka",NA,NA,NA,NA,NA
"295",295,"Bandung","pria",37,"ya","suka","warung","pasar","supermarket","minimarket",NA
"296",296,"Jakarta","wanita",33,"tidak","suka",NA,NA,NA,NA,NA
"297",297,"Tasikmalaya","wanita",38,"tidak","suka",NA,NA,NA,NA,NA
"298",298,"Tasikmalaya","wanita",33,"ya","suka","warung","minimarket","pasar",NA,NA
"299",299,"Garut","wanita",34,"tidak","suka",NA,NA,NA,NA,NA
"300",300,"Jakarta","wanita",37,"ya","suka","warung","supermarket","online",NA,NA
"301",301,"Sukabumi","wanita",27,"ya","sangat suka","minimarket","supermarket","online",NA,NA
"302",302,"Garut","wanita",29,"tidak","suka",NA,NA,NA,NA,NA
"303",303,"Bandung","pria",30,"tidak","sangat tidak suka",NA,NA,NA,NA,NA
"304",304,"Jakarta","pria",40,"ya","suka","minimarket","online","pasar",NA,NA
"305",305,"Tasikmalaya","wanita",35,"ya","suka","minimarket","online",NA,NA,NA
"306",306,"Sukabumi","wanita",30,"tidak","tidak suka",NA,NA,NA,NA,NA
"307",307,"Garut","wanita",31,"tidak","tidak suka",NA,NA,NA,NA,NA
"308",308,"Tasikmalaya","wanita",28,"tidak","sangat tidak suka",NA,NA,NA,NA,NA
"309",309,"Jakarta","pria",31,"tidak","suka",NA,NA,NA,NA,NA
"310",310,"Jakarta","wanita",39,"ya","suka","pasar","supermarket","warung",NA,NA
"311",311,"Tasikmalaya","pria",31,"tidak","suka",NA,NA,NA,NA,NA
"312",312,"Jakarta","pria",36,"tidak","sangat suka",NA,NA,NA,NA,NA
"313",313,"Tasikmalaya","pria",37,"tidak","sangat suka",NA,NA,NA,NA,NA
"314",314,"Tasikmalaya","wanita",25,"tidak","suka",NA,NA,NA,NA,NA
"315",315,"Jakarta","wanita",27,"ya","tidak suka","warung","minimarket","online",NA,NA
"316",316,"Sukabumi","wanita",40,"tidak","suka",NA,NA,NA,NA,NA
"317",317,"Bandung","wanita",39,"tidak","sangat suka",NA,NA,NA,NA,NA
"318",318,"Sukabumi","wanita",32,"tidak","suka",NA,NA,NA,NA,NA
"319",319,"Tasikmalaya","pria",35,"tidak","suka",NA,NA,NA,NA,NA
"320",320,"Garut","pria",34,"tidak","suka",NA,NA,NA,NA,NA
"321",321,"Sukabumi","pria",40,"tidak","suka",NA,NA,NA,NA,NA
"322",322,"Garut","wanita",27,"tidak","suka",NA,NA,NA,NA,NA
"323",323,"Jakarta","wanita",32,"tidak","tidak suka",NA,NA,NA,NA,NA
"324",324,"Bandung","wanita",35,"ya","tidak suka","minimarket","warung","pasar",NA,NA
"325",325,"Sukabumi","wanita",36,"tidak","suka",NA,NA,NA,NA,NA
"326",326,"Bandung","wanita",25,"ya","tidak suka","pasar","online","warung","supermarket","minimarket"
"327",327,"Garut","wanita",33,"ya","sangat suka","online","supermarket","pasar","minimarket",NA
"328",328,"Jakarta","wanita",32,"tidak","suka",NA,NA,NA,NA,NA
"329",329,"Bandung","wanita",32,"ya","suka","supermarket","pasar","minimarket","warung",NA
"330",330,"Sukabumi","wanita",26,"tidak","suka",NA,NA,NA,NA,NA
"331",331,"Jakarta","wanita",32,"tidak","suka",NA,NA,NA,NA,NA
"332",332,"Garut","pria",35,"tidak","sangat suka",NA,NA,NA,NA,NA
"333",333,"Sukabumi","wanita",34,"ya","suka","online","minimarket","warung","supermarket","pasar"
"334",334,"Jakarta","wanita",29,"tidak","suka",NA,NA,NA,NA,NA
"335",335,"Bandung","pria",27,"tidak","sangat tidak suka",NA,NA,NA,NA,NA
"336",336,"Sukabumi","wanita",38,"ya","suka","online","warung","minimarket","pasar",NA
"337",337,"Sukabumi","wanita",38,"ya","suka","minimarket","warung",NA,NA,NA
"338",338,"Bandung","wanita",36,"tidak","sangat tidak suka",NA,NA,NA,NA,NA
"339",339,"Sukabumi","wanita",26,"ya","sangat tidak suka","warung","online","pasar","minimarket",NA
"340",340,"Garut","wanita",30,"tidak","sangat tidak suka",NA,NA,NA,NA,NA
"341",341,"Tasikmalaya","pria",28,"ya","sangat suka","supermarket","pasar","online",NA,NA
"342",342,"Bandung","wanita",26,"tidak","sangat tidak suka",NA,NA,NA,NA,NA
"343",343,"Garut","wanita",38,"tidak","tidak suka",NA,NA,NA,NA,NA
"344",344,"Jakarta","wanita",28,"tidak","suka",NA,NA,NA,NA,NA
"345",345,"Bandung","wanita",32,"tidak","suka",NA,NA,NA,NA,NA
"346",346,"Sukabumi","wanita",26,"tidak","sangat suka",NA,NA,NA,NA,NA
"347",347,"Bandung","wanita",28,"ya","suka","pasar","minimarket","online",NA,NA
"348",348,"Sukabumi","wanita",33,"tidak","sangat suka",NA,NA,NA,NA,NA
"349",349,"Jakarta","wanita",29,"ya","suka","warung","online","supermarket",NA,NA
"350",350,"Garut","pria",30,"ya","tidak suka","warung","minimarket","online",NA,NA
"351",351,"Tasikmalaya","wanita",30,"tidak","sangat suka",NA,NA,NA,NA,NA
"352",352,"Garut","wanita",36,"tidak","sangat tidak suka",NA,NA,NA,NA,NA
"353",353,"Sukabumi","wanita",34,"tidak","suka",NA,NA,NA,NA,NA
"354",354,"Garut","pria",26,"tidak","sangat tidak suka",NA,NA,NA,NA,NA
"355",355,"Garut","wanita",27,"ya","suka","minimarket","pasar","supermarket",NA,NA
"356",356,"Jakarta","wanita",34,"tidak","suka",NA,NA,NA,NA,NA
"357",357,"Tasikmalaya","wanita",28,"tidak","sangat suka",NA,NA,NA,NA,NA
"358",358,"Jakarta","wanita",31,"tidak","sangat tidak suka",NA,NA,NA,NA,NA
"359",359,"Bandung","wanita",30,"tidak","tidak suka",NA,NA,NA,NA,NA
"360",360,"Sukabumi","pria",28,"ya","suka","online","supermarket","warung","minimarket",NA
"361",361,"Sukabumi","wanita",36,"tidak","sangat suka",NA,NA,NA,NA,NA
"362",362,"Sukabumi","wanita",26,"tidak","suka",NA,NA,NA,NA,NA
"363",363,"Bandung","wanita",34,"tidak","suka",NA,NA,NA,NA,NA
"364",364,"Tasikmalaya","wanita",32,"ya","sangat tidak suka","supermarket","pasar","minimarket","online","warung"
"365",365,"Sukabumi","wanita",36,"tidak","suka",NA,NA,NA,NA,NA
"366",366,"Tasikmalaya","wanita",26,"tidak","tidak suka",NA,NA,NA,NA,NA
"367",367,"Bandung","pria",26,"ya","sangat suka","supermarket",NA,NA,NA,NA
"368",368,"Bandung","wanita",35,"tidak","sangat tidak suka",NA,NA,NA,NA,NA
"369",369,"Bandung","wanita",36,"tidak","sangat tidak suka",NA,NA,NA,NA,NA
"370",370,"Sukabumi","wanita",38,"tidak","suka",NA,NA,NA,NA,NA
"371",371,"Sukabumi","pria",28,"tidak","tidak suka",NA,NA,NA,NA,NA
"372",372,"Bandung","wanita",32,"tidak","suka",NA,NA,NA,NA,NA
"373",373,"Tasikmalaya","pria",26,"ya","suka","minimarket","pasar","supermarket","warung","online"
"374",374,"Sukabumi","wanita",25,"tidak","sangat suka",NA,NA,NA,NA,NA
"375",375,"Tasikmalaya","wanita",35,"ya","suka","online",NA,NA,NA,NA
"376",376,"Tasikmalaya","wanita",31,"tidak","suka",NA,NA,NA,NA,NA
"377",377,"Garut","wanita",36,"ya","suka","warung","minimarket","supermarket","pasar",NA
"378",378,"Jakarta","pria",28,"ya","tidak suka","online","pasar","supermarket","minimarket",NA
"379",379,"Tasikmalaya","wanita",38,"tidak","sangat suka",NA,NA,NA,NA,NA
"380",380,"Bandung","pria",30,"ya","suka","warung","online","pasar",NA,NA
"381",381,"Sukabumi","pria",36,"ya","tidak suka","minimarket","online","supermarket","pasar",NA
"382",382,"Garut","pria",39,"tidak","sangat tidak suka",NA,NA,NA,NA,NA
"383",383,"Garut","wanita",29,"ya","tidak suka","pasar","minimarket",NA,NA,NA
"384",384,"Garut","wanita",35,"tidak","suka",NA,NA,NA,NA,NA
"385",385,"Bandung","wanita",30,"tidak","sangat tidak suka",NA,NA,NA,NA,NA
"386",386,"Sukabumi","wanita",39,"tidak","sangat tidak suka",NA,NA,NA,NA,NA
"387",387,"Bandung","wanita",33,"ya","sangat tidak suka","minimarket","online","warung",NA,NA
"388",388,"Sukabumi","pria",25,"tidak","suka",NA,NA,NA,NA,NA
"389",389,"Jakarta","wanita",29,"ya","suka","online","minimarket","warung",NA,NA
"390",390,"Sukabumi","pria",33,"tidak","suka",NA,NA,NA,NA,NA
"391",391,"Sukabumi","wanita",35,"tidak","sangat suka",NA,NA,NA,NA,NA
"392",392,"Sukabumi","pria",34,"ya","sangat suka","minimarket","supermarket","pasar","warung",NA
"393",393,"Sukabumi","wanita",37,"ya","sangat suka","pasar","supermarket",NA,NA,NA
"394",394,"Jakarta","wanita",39,"tidak","suka",NA,NA,NA,NA,NA
"395",395,"Sukabumi","pria",29,"ya","suka","supermarket","warung","pasar",NA,NA
"396",396,"Bandung","wanita",37,"tidak","suka",NA,NA,NA,NA,NA
"397",397,"Sukabumi","wanita",33,"tidak","sangat suka",NA,NA,NA,NA,NA
"398",398,"Jakarta","wanita",40,"tidak","suka",NA,NA,NA,NA,NA
"399",399,"Tasikmalaya","wanita",39,"tidak","suka",NA,NA,NA,NA,NA
"400",400,"Jakarta","wanita",32,"ya","sangat suka","minimarket",NA,NA,NA,NA
"401",401,"Jakarta","pria",36,"ya","suka","pasar","minimarket","warung",NA,NA
"402",402,"Jakarta","wanita",28,"tidak","suka",NA,NA,NA,NA,NA
"403",403,"Jakarta","wanita",31,"tidak","sangat suka",NA,NA,NA,NA,NA
"404",404,"Tasikmalaya","pria",36,"ya","suka","pasar","supermarket","warung",NA,NA
"405",405,"Tasikmalaya","pria",30,"tidak","suka",NA,NA,NA,NA,NA
"406",406,"Garut","wanita",34,"ya","sangat tidak suka","minimarket",NA,NA,NA,NA
"407",407,"Tasikmalaya","wanita",28,"ya","sangat suka","online","minimarket","pasar","supermarket","warung"
"408",408,"Tasikmalaya","pria",35,"ya","suka","warung","online","pasar",NA,NA
"409",409,"Jakarta","wanita",32,"tidak","sangat tidak suka",NA,NA,NA,NA,NA
"410",410,"Sukabumi","wanita",38,"tidak","suka",NA,NA,NA,NA,NA
"411",411,"Jakarta","wanita",31,"ya","tidak suka","warung","supermarket","pasar","minimarket",NA
"412",412,"Garut","pria",26,"ya","suka","supermarket",NA,NA,NA,NA
"413",413,"Sukabumi","wanita",37,"tidak","sangat suka",NA,NA,NA,NA,NA
"414",414,"Sukabumi","wanita",28,"tidak","suka",NA,NA,NA,NA,NA
"415",415,"Bandung","wanita",26,"ya","tidak suka","online","warung","supermarket",NA,NA
"416",416,"Bandung","pria",34,"ya","suka","supermarket",NA,NA,NA,NA
"417",417,"Jakarta","wanita",38,"tidak","sangat tidak suka",NA,NA,NA,NA,NA
"418",418,"Tasikmalaya","wanita",36,"tidak","suka",NA,NA,NA,NA,NA
"419",419,"Bandung","wanita",30,"ya","sangat tidak suka","minimarket","warung","supermarket","online","pasar"
"420",420,"Garut","pria",40,"ya","sangat tidak suka","minimarket","pasar",NA,NA,NA
"421",421,"Bandung","wanita",28,"tidak","sangat suka",NA,NA,NA,NA,NA
"422",422,"Jakarta","wanita",26,"ya","suka","supermarket","warung","minimarket","pasar","online"
"423",423,"Tasikmalaya","wanita",32,"tidak","sangat tidak suka",NA,NA,NA,NA,NA
"424",424,"Garut","wanita",28,"tidak","sangat tidak suka",NA,NA,NA,NA,NA
"425",425,"Sukabumi","wanita",36,"ya","suka","online","pasar","minimarket","warung",NA
"426",426,"Tasikmalaya","pria",25,"tidak","suka",NA,NA,NA,NA,NA
"427",427,"Sukabumi","wanita",37,"tidak","sangat tidak suka",NA,NA,NA,NA,NA
"428",428,"Jakarta","pria",40,"ya","sangat tidak suka","online","pasar","warung","minimarket",NA
"429",429,"Tasikmalaya","wanita",26,"tidak","suka",NA,NA,NA,NA,NA
"430",430,"Bandung","wanita",30,"tidak","sangat tidak suka",NA,NA,NA,NA,NA
"431",431,"Sukabumi","pria",36,"tidak","suka",NA,NA,NA,NA,NA
"432",432,"Garut","wanita",39,"tidak","suka",NA,NA,NA,NA,NA
"433",433,"Sukabumi","wanita",33,"ya","suka","pasar","minimarket","online",NA,NA
"434",434,"Garut","wanita",30,"ya","suka","warung","supermarket","minimarket",NA,NA
"435",435,"Bandung","wanita",38,"tidak","sangat tidak suka",NA,NA,NA,NA,NA
"436",436,"Garut","wanita",38,"tidak","sangat tidak suka",NA,NA,NA,NA,NA
"437",437,"Garut","wanita",31,"tidak","suka",NA,NA,NA,NA,NA
"438",438,"Sukabumi","wanita",32,"ya","tidak suka","online","warung","minimarket","supermarket","pasar"
"439",439,"Jakarta","wanita",36,"tidak","suka",NA,NA,NA,NA,NA
"440",440,"Jakarta","wanita",28,"ya","suka","minimarket","supermarket","pasar","online","warung"
"441",441,"Bandung","pria",37,"tidak","sangat suka",NA,NA,NA,NA,NA
"442",442,"Jakarta","wanita",37,"tidak","sangat tidak suka",NA,NA,NA,NA,NA
"443",443,"Jakarta","pria",35,"tidak","sangat tidak suka",NA,NA,NA,NA,NA
"444",444,"Bandung","wanita",25,"ya","suka","warung","online","minimarket","supermarket",NA
"445",445,"Sukabumi","wanita",36,"tidak","sangat tidak suka",NA,NA,NA,NA,NA
"446",446,"Tasikmalaya","pria",28,"tidak","suka",NA,NA,NA,NA,NA
"447",447,"Tasikmalaya","pria",32,"tidak","sangat tidak suka",NA,NA,NA,NA,NA
"448",448,"Sukabumi","wanita",30,"tidak","suka",NA,NA,NA,NA,NA
"449",449,"Sukabumi","wanita",25,"tidak","suka",NA,NA,NA,NA,NA
"450",450,"Jakarta","wanita",30,"tidak","sangat tidak suka",NA,NA,NA,NA,NA
"451",451,"Tasikmalaya","wanita",33,"ya","suka","pasar","supermarket","minimarket",NA,NA
"452",452,"Tasikmalaya","pria",31,"tidak","suka",NA,NA,NA,NA,NA
"453",453,"Tasikmalaya","pria",29,"tidak","suka",NA,NA,NA,NA,NA
"454",454,"Bandung","pria",37,"tidak","suka",NA,NA,NA,NA,NA
"455",455,"Jakarta","wanita",37,"tidak","sangat tidak suka",NA,NA,NA,NA,NA
"456",456,"Tasikmalaya","wanita",32,"tidak","sangat tidak suka",NA,NA,NA,NA,NA
"457",457,"Bandung","pria",31,"ya","suka","online","warung",NA,NA,NA
"458",458,"Sukabumi","pria",32,"tidak","suka",NA,NA,NA,NA,NA
"459",459,"Garut","pria",39,"ya","sangat tidak suka","supermarket","minimarket","online","pasar",NA
"460",460,"Garut","wanita",34,"tidak","suka",NA,NA,NA,NA,NA
"461",461,"Jakarta","pria",31,"tidak","suka",NA,NA,NA,NA,NA
"462",462,"Tasikmalaya","wanita",33,"tidak","suka",NA,NA,NA,NA,NA
"463",463,"Jakarta","wanita",31,"tidak","sangat tidak suka",NA,NA,NA,NA,NA
"464",464,"Sukabumi","pria",33,"tidak","sangat tidak suka",NA,NA,NA,NA,NA
"465",465,"Garut","wanita",28,"tidak","suka",NA,NA,NA,NA,NA
"466",466,"Bandung","wanita",26,"tidak","sangat tidak suka",NA,NA,NA,NA,NA
"467",467,"Garut","wanita",31,"tidak","suka",NA,NA,NA,NA,NA
"468",468,"Bandung","wanita",38,"ya","suka","online","pasar",NA,NA,NA
"469",469,"Jakarta","pria",29,"tidak","suka",NA,NA,NA,NA,NA
"470",470,"Tasikmalaya","wanita",39,"ya","sangat suka","online","supermarket","minimarket","warung","pasar"
"471",471,"Jakarta","wanita",39,"tidak","sangat tidak suka",NA,NA,NA,NA,NA
"472",472,"Bandung","wanita",26,"ya","suka","pasar","online","warung",NA,NA
"473",473,"Jakarta","wanita",25,"ya","sangat tidak suka","minimarket","warung",NA,NA,NA
"474",474,"Tasikmalaya","wanita",30,"tidak","sangat tidak suka",NA,NA,NA,NA,NA
"475",475,"Sukabumi","wanita",31,"ya","suka","pasar","warung","online","minimarket",NA
"476",476,"Garut","wanita",34,"ya","suka","pasar","supermarket",NA,NA,NA
"477",477,"Tasikmalaya","pria",29,"tidak","tidak suka",NA,NA,NA,NA,NA
"478",478,"Garut","wanita",39,"ya","tidak suka","online","supermarket",NA,NA,NA
"479",479,"Jakarta","wanita",29,"ya","sangat tidak suka","minimarket","online","warung","supermarket",NA
"480",480,"Jakarta","pria",35,"ya","tidak suka","online","pasar","minimarket",NA,NA
"481",481,"Garut","wanita",32,"tidak","suka",NA,NA,NA,NA,NA
"482",482,"Tasikmalaya","pria",29,"tidak","sangat suka",NA,NA,NA,NA,NA
"483",483,"Bandung","wanita",33,"tidak","tidak suka",NA,NA,NA,NA,NA
"484",484,"Sukabumi","wanita",33,"ya","sangat suka","pasar","warung","supermarket","online",NA
"485",485,"Sukabumi","wanita",32,"ya","suka","minimarket","warung","supermarket",NA,NA
"486",486,"Bandung","wanita",27,"ya","suka","warung","online","pasar","minimarket","supermarket"
"487",487,"Garut","pria",37,"tidak","suka",NA,NA,NA,NA,NA
"488",488,"Bandung","wanita",25,"ya","suka","supermarket","online","pasar",NA,NA
"489",489,"Tasikmalaya","wanita",32,"tidak","sangat suka",NA,NA,NA,NA,NA
"490",490,"Jakarta","wanita",32,"ya","suka","warung","pasar","online",NA,NA
"491",491,"Jakarta","pria",28,"ya","sangat tidak suka","warung","supermarket","pasar","online",NA
"492",492,"Sukabumi","pria",35,"ya","sangat tidak suka","online","minimarket","pasar","warung",NA
"493",493,"Jakarta","pria",25,"tidak","sangat tidak suka",NA,NA,NA,NA,NA
"494",494,"Sukabumi","pria",35,"tidak","suka",NA,NA,NA,NA,NA
"495",495,"Bandung","wanita",33,"ya","sangat tidak suka","supermarket","pasar","minimarket",NA,NA
"496",496,"Jakarta","pria",32,"tidak","suka",NA,NA,NA,NA,NA
"497",497,"Bandung","wanita",40,"tidak","suka",NA,NA,NA,NA,NA
"498",498,"Tasikmalaya","wanita",26,"ya","sangat tidak suka","minimarket","pasar","online","supermarket",NA
"499",499,"Sukabumi","pria",39,"tidak","tidak suka",NA,NA,NA,NA,NA
"500",500,"Jakarta","wanita",33,"ya","sangat tidak suka","warung","supermarket","minimarket","online",NA
"501",501,"Bandung","pria",28,"ya","suka","minimarket","supermarket",NA,NA,NA
"502",502,"Garut","wanita",26,"tidak","sangat tidak suka",NA,NA,NA,NA,NA
"503",503,"Tasikmalaya","pria",33,"tidak","suka",NA,NA,NA,NA,NA
"504",504,"Bandung","wanita",30,"ya","sangat tidak suka","supermarket","online","pasar","warung",NA
"505",505,"Garut","wanita",25,"ya","sangat tidak suka","minimarket","supermarket",NA,NA,NA
"506",506,"Garut","wanita",26,"tidak","sangat tidak suka",NA,NA,NA,NA,NA
"507",507,"Garut","wanita",28,"tidak","sangat tidak suka",NA,NA,NA,NA,NA
"508",508,"Garut","wanita",32,"tidak","suka",NA,NA,NA,NA,NA
"509",509,"Jakarta","wanita",40,"tidak","tidak suka",NA,NA,NA,NA,NA
"510",510,"Tasikmalaya","wanita",28,"ya","suka","pasar","online","supermarket",NA,NA
"511",511,"Tasikmalaya","wanita",38,"tidak","suka",NA,NA,NA,NA,NA
"512",512,"Garut","wanita",27,"tidak","suka",NA,NA,NA,NA,NA
"513",513,"Tasikmalaya","wanita",33,"tidak","suka",NA,NA,NA,NA,NA
"514",514,"Sukabumi","pria",27,"tidak","sangat tidak suka",NA,NA,NA,NA,NA
"515",515,"Tasikmalaya","wanita",39,"ya","suka","pasar","minimarket","supermarket","warung","online"
"516",516,"Garut","pria",26,"tidak","suka",NA,NA,NA,NA,NA
"517",517,"Jakarta","wanita",36,"tidak","suka",NA,NA,NA,NA,NA
"518",518,"Jakarta","wanita",27,"tidak","sangat suka",NA,NA,NA,NA,NA
"519",519,"Garut","pria",30,"tidak","sangat suka",NA,NA,NA,NA,NA
"520",520,"Sukabumi","wanita",39,"tidak","sangat suka",NA,NA,NA,NA,NA
"521",521,"Bandung","pria",29,"tidak","suka",NA,NA,NA,NA,NA
"522",522,"Sukabumi","wanita",40,"tidak","sangat suka",NA,NA,NA,NA,NA
"523",523,"Sukabumi","pria",33,"tidak","sangat tidak suka",NA,NA,NA,NA,NA
"524",524,"Sukabumi","pria",32,"ya","sangat tidak suka","supermarket","online",NA,NA,NA
"525",525,"Jakarta","wanita",26,"tidak","suka",NA,NA,NA,NA,NA
"526",526,"Tasikmalaya","pria",34,"ya","suka","pasar","warung","supermarket","minimarket",NA
"527",527,"Tasikmalaya","wanita",38,"ya","suka","pasar","warung","supermarket","online",NA
"528",528,"Garut","pria",36,"tidak","suka",NA,NA,NA,NA,NA
"529",529,"Jakarta","wanita",38,"ya","suka","warung","minimarket","supermarket",NA,NA
"530",530,"Jakarta","wanita",40,"tidak","suka",NA,NA,NA,NA,NA
"531",531,"Jakarta","pria",35,"tidak","suka",NA,NA,NA,NA,NA
"532",532,"Garut","wanita",27,"tidak","sangat tidak suka",NA,NA,NA,NA,NA
"533",533,"Sukabumi","pria",37,"ya","suka","online","minimarket","warung","pasar",NA
"534",534,"Bandung","wanita",29,"tidak","suka",NA,NA,NA,NA,NA
"535",535,"Jakarta","wanita",26,"tidak","sangat tidak suka",NA,NA,NA,NA,NA
"536",536,"Jakarta","wanita",26,"ya","sangat tidak suka","pasar","warung","minimarket",NA,NA
"537",537,"Garut","wanita",32,"ya","suka","minimarket","supermarket",NA,NA,NA
"538",538,"Sukabumi","wanita",27,"tidak","sangat tidak suka",NA,NA,NA,NA,NA
"539",539,"Tasikmalaya","wanita",38,"ya","sangat suka","pasar","minimarket","warung","online",NA
"540",540,"Tasikmalaya","wanita",36,"tidak","suka",NA,NA,NA,NA,NA
"541",541,"Garut","wanita",32,"ya","tidak suka","warung","pasar","minimarket","online",NA
"542",542,"Bandung","pria",35,"tidak","suka",NA,NA,NA,NA,NA
"543",543,"Tasikmalaya","wanita",33,"tidak","sangat tidak suka",NA,NA,NA,NA,NA
"544",544,"Sukabumi","wanita",37,"tidak","suka",NA,NA,NA,NA,NA
"545",545,"Jakarta","wanita",40,"tidak","suka",NA,NA,NA,NA,NA
"546",546,"Garut","wanita",34,"tidak","sangat tidak suka",NA,NA,NA,NA,NA
"547",547,"Garut","wanita",26,"ya","sangat tidak suka","warung","supermarket","online","pasar",NA
"548",548,"Bandung","wanita",35,"tidak","sangat tidak suka",NA,NA,NA,NA,NA
"549",549,"Sukabumi","pria",29,"ya","sangat tidak suka","online","minimarket","pasar","warung",NA
"550",550,"Tasikmalaya","wanita",36,"ya","suka","minimarket","supermarket","online","pasar",NA
"551",551,"Bandung","pria",40,"tidak","tidak suka",NA,NA,NA,NA,NA
"552",552,"Jakarta","pria",37,"tidak","suka",NA,NA,NA,NA,NA
"553",553,"Tasikmalaya","wanita",38,"tidak","suka",NA,NA,NA,NA,NA
"554",554,"Bandung","wanita",40,"tidak","suka",NA,NA,NA,NA,NA
"555",555,"Bandung","wanita",27,"ya","sangat tidak suka","supermarket","pasar","warung","minimarket",NA
"556",556,"Garut","wanita",32,"tidak","sangat tidak suka",NA,NA,NA,NA,NA
"557",557,"Jakarta","pria",31,"tidak","sangat tidak suka",NA,NA,NA,NA,NA
"558",558,"Tasikmalaya","pria",30,"tidak","tidak suka",NA,NA,NA,NA,NA
"559",559,"Sukabumi","pria",33,"tidak","suka",NA,NA,NA,NA,NA
"560",560,"Tasikmalaya","wanita",25,"ya","tidak suka","warung","supermarket",NA,NA,NA
"561",561,"Sukabumi","pria",29,"tidak","tidak suka",NA,NA,NA,NA,NA
"562",562,"Jakarta","wanita",27,"tidak","suka",NA,NA,NA,NA,NA
"563",563,"Jakarta","wanita",29,"tidak","suka",NA,NA,NA,NA,NA
"564",564,"Jakarta","wanita",30,"ya","suka","minimarket","warung",NA,NA,NA
"565",565,"Tasikmalaya","wanita",38,"tidak","sangat tidak suka",NA,NA,NA,NA,NA
"566",566,"Garut","pria",37,"tidak","sangat tidak suka",NA,NA,NA,NA,NA
"567",567,"Garut","wanita",30,"ya","suka","supermarket","online","minimarket","pasar",NA
"568",568,"Jakarta","wanita",38,"tidak","suka",NA,NA,NA,NA,NA
"569",569,"Bandung","wanita",25,"tidak","suka",NA,NA,NA,NA,NA
"570",570,"Tasikmalaya","pria",26,"tidak","suka",NA,NA,NA,NA,NA
"571",571,"Bandung","wanita",32,"tidak","sangat suka",NA,NA,NA,NA,NA
"572",572,"Jakarta","pria",35,"tidak","suka",NA,NA,NA,NA,NA
"573",573,"Jakarta","wanita",28,"ya","sangat tidak suka","warung","pasar","minimarket",NA,NA
"574",574,"Tasikmalaya","pria",32,"tidak","suka",NA,NA,NA,NA,NA
"575",575,"Garut","wanita",38,"ya","sangat suka","online","supermarket","pasar",NA,NA
"576",576,"Tasikmalaya","wanita",34,"tidak","suka",NA,NA,NA,NA,NA
"577",577,"Garut","wanita",26,"ya","suka","online","supermarket","minimarket",NA,NA
"578",578,"Bandung","wanita",28,"ya","sangat tidak suka","warung","pasar","online",NA,NA
"579",579,"Jakarta","pria",32,"tidak","sangat suka",NA,NA,NA,NA,NA
"580",580,"Garut","pria",25,"ya","suka","pasar","supermarket","warung","minimarket",NA
"581",581,"Bandung","pria",36,"ya","suka","warung","supermarket","minimarket",NA,NA
"582",582,"Tasikmalaya","wanita",31,"tidak","suka",NA,NA,NA,NA,NA
"583",583,"Bandung","pria",39,"ya","tidak suka","online","minimarket","supermarket","pasar",NA
"584",584,"Tasikmalaya","pria",40,"tidak","tidak suka",NA,NA,NA,NA,NA
"585",585,"Jakarta","pria",26,"tidak","suka",NA,NA,NA,NA,NA
"586",586,"Jakarta","wanita",32,"tidak","suka",NA,NA,NA,NA,NA
"587",587,"Tasikmalaya","pria",26,"ya","suka","pasar","minimarket",NA,NA,NA
"588",588,"Bandung","wanita",28,"tidak","sangat tidak suka",NA,NA,NA,NA,NA
"589",589,"Jakarta","pria",40,"ya","suka","pasar","warung","minimarket",NA,NA
"590",590,"Tasikmalaya","wanita",40,"tidak","sangat tidak suka",NA,NA,NA,NA,NA
"591",591,"Tasikmalaya","pria",33,"tidak","suka",NA,NA,NA,NA,NA
"592",592,"Sukabumi","wanita",35,"ya","sangat tidak suka","supermarket","pasar","minimarket","online",NA
"593",593,"Sukabumi","wanita",34,"ya","sangat suka","online","pasar","supermarket","warung",NA
"594",594,"Tasikmalaya","wanita",37,"tidak","suka",NA,NA,NA,NA,NA
"595",595,"Tasikmalaya","wanita",39,"ya","sangat tidak suka","supermarket","minimarket",NA,NA,NA
"596",596,"Bandung","wanita",26,"tidak","sangat tidak suka",NA,NA,NA,NA,NA
"597",597,"Garut","wanita",36,"tidak","suka",NA,NA,NA,NA,NA
"598",598,"Jakarta","wanita",31,"tidak","suka",NA,NA,NA,NA,NA
"599",599,"Tasikmalaya","wanita",34,"tidak","suka",NA,NA,NA,NA,NA
"600",600,"Bandung","wanita",29,"ya","suka","online","pasar","warung","supermarket",NA
"601",601,"Bandung","pria",35,"ya","suka","online","minimarket","pasar",NA,NA
"602",602,"Garut","pria",35,"tidak","suka",NA,NA,NA,NA,NA
"603",603,"Sukabumi","wanita",33,"tidak","sangat tidak suka",NA,NA,NA,NA,NA
"604",604,"Jakarta","wanita",30,"ya","suka","minimarket","online","supermarket",NA,NA
"605",605,"Jakarta","pria",26,"tidak","sangat suka",NA,NA,NA,NA,NA
"606",606,"Bandung","wanita",33,"ya","suka","supermarket","warung",NA,NA,NA
"607",607,"Bandung","pria",38,"ya","sangat suka","supermarket","pasar","online","warung","minimarket"
"608",608,"Sukabumi","pria",36,"ya","tidak suka","warung","online",NA,NA,NA
"609",609,"Tasikmalaya","wanita",39,"tidak","suka",NA,NA,NA,NA,NA
"610",610,"Bandung","pria",38,"tidak","suka",NA,NA,NA,NA,NA
"611",611,"Bandung","wanita",35,"ya","sangat suka","warung","supermarket","online","pasar",NA
"612",612,"Bandung","wanita",31,"ya","tidak suka","online","warung","pasar","minimarket","supermarket"
"613",613,"Garut","wanita",34,"tidak","suka",NA,NA,NA,NA,NA
"614",614,"Sukabumi","wanita",33,"tidak","suka",NA,NA,NA,NA,NA
"615",615,"Jakarta","wanita",31,"ya","suka","warung","pasar",NA,NA,NA
"616",616,"Bandung","wanita",31,"ya","suka","supermarket","minimarket","warung","pasar",NA
"617",617,"Sukabumi","wanita",38,"tidak","suka",NA,NA,NA,NA,NA
"618",618,"Sukabumi","wanita",36,"tidak","sangat tidak suka",NA,NA,NA,NA,NA
"619",619,"Garut","wanita",29,"ya","sangat suka","pasar","online","minimarket","warung","supermarket"
"620",620,"Sukabumi","wanita",33,"ya","tidak suka","pasar","online",NA,NA,NA
"621",621,"Sukabumi","wanita",40,"tidak","suka",NA,NA,NA,NA,NA
"622",622,"Bandung","wanita",25,"ya","sangat tidak suka","pasar","minimarket","supermarket","warung",NA
"623",623,"Jakarta","wanita",30,"tidak","suka",NA,NA,NA,NA,NA
"624",624,"Tasikmalaya","wanita",34,"tidak","suka",NA,NA,NA,NA,NA
"625",625,"Sukabumi","wanita",29,"ya","tidak suka","supermarket","online","pasar",NA,NA
"626",626,"Sukabumi","wanita",27,"tidak","sangat tidak suka",NA,NA,NA,NA,NA
"627",627,"Tasikmalaya","wanita",36,"tidak","sangat tidak suka",NA,NA,NA,NA,NA
"628",628,"Garut","wanita",32,"ya","tidak suka","pasar","supermarket",NA,NA,NA
"629",629,"Sukabumi","wanita",29,"tidak","suka",NA,NA,NA,NA,NA
"630",630,"Garut","wanita",29,"tidak","suka",NA,NA,NA,NA,NA
"631",631,"Jakarta","wanita",33,"tidak","suka",NA,NA,NA,NA,NA
"632",632,"Tasikmalaya","pria",37,"tidak","suka",NA,NA,NA,NA,NA
"633",633,"Jakarta","wanita",32,"ya","suka","online","pasar","warung","minimarket",NA
"634",634,"Garut","pria",28,"ya","sangat suka","supermarket","pasar","minimarket",NA,NA
"635",635,"Bandung","pria",27,"tidak","suka",NA,NA,NA,NA,NA
"636",636,"Sukabumi","wanita",25,"tidak","tidak suka",NA,NA,NA,NA,NA
"637",637,"Bandung","wanita",29,"tidak","sangat suka",NA,NA,NA,NA,NA
"638",638,"Tasikmalaya","wanita",31,"ya","suka","online","warung",NA,NA,NA
"639",639,"Garut","wanita",36,"tidak","sangat tidak suka",NA,NA,NA,NA,NA
"640",640,"Sukabumi","pria",32,"ya","suka","pasar","supermarket",NA,NA,NA
"641",641,"Tasikmalaya","wanita",37,"tidak","suka",NA,NA,NA,NA,NA
"642",642,"Bandung","wanita",29,"tidak","suka",NA,NA,NA,NA,NA
"643",643,"Jakarta","pria",26,"tidak","sangat tidak suka",NA,NA,NA,NA,NA
"644",644,"Jakarta","wanita",38,"ya","sangat suka","minimarket","pasar","warung","supermarket",NA
"645",645,"Garut","wanita",28,"tidak","suka",NA,NA,NA,NA,NA
"646",646,"Tasikmalaya","wanita",30,"tidak","suka",NA,NA,NA,NA,NA
"647",647,"Garut","pria",27,"tidak","tidak suka",NA,NA,NA,NA,NA
"648",648,"Bandung","pria",26,"tidak","sangat tidak suka",NA,NA,NA,NA,NA
"649",649,"Tasikmalaya","wanita",35,"tidak","sangat suka",NA,NA,NA,NA,NA
"650",650,"Bandung","pria",40,"tidak","suka",NA,NA,NA,NA,NA
"651",651,"Tasikmalaya","pria",38,"ya","sangat suka","pasar","warung","minimarket","supermarket",NA
"652",652,"Bandung","wanita",35,"tidak","suka",NA,NA,NA,NA,NA
"653",653,"Sukabumi","wanita",38,"tidak","sangat tidak suka",NA,NA,NA,NA,NA
"654",654,"Tasikmalaya","wanita",32,"tidak","sangat tidak suka",NA,NA,NA,NA,NA
"655",655,"Jakarta","wanita",33,"tidak","suka",NA,NA,NA,NA,NA
"656",656,"Sukabumi","pria",27,"tidak","tidak suka",NA,NA,NA,NA,NA
"657",657,"Bandung","wanita",25,"ya","tidak suka","warung","online","supermarket","pasar",NA
"658",658,"Garut","wanita",34,"tidak","suka",NA,NA,NA,NA,NA
"659",659,"Tasikmalaya","pria",36,"ya","suka","pasar","online","warung","minimarket",NA
"660",660,"Tasikmalaya","wanita",29,"tidak","tidak suka",NA,NA,NA,NA,NA
"661",661,"Sukabumi","wanita",33,"tidak","suka",NA,NA,NA,NA,NA
"662",662,"Tasikmalaya","pria",25,"tidak","sangat tidak suka",NA,NA,NA,NA,NA
"663",663,"Tasikmalaya","wanita",27,"tidak","sangat suka",NA,NA,NA,NA,NA
"664",664,"Garut","pria",27,"tidak","suka",NA,NA,NA,NA,NA
"665",665,"Tasikmalaya","wanita",34,"tidak","tidak suka",NA,NA,NA,NA,NA
"666",666,"Garut","wanita",30,"tidak","sangat tidak suka",NA,NA,NA,NA,NA
"667",667,"Tasikmalaya","pria",28,"tidak","sangat tidak suka",NA,NA,NA,NA,NA
"668",668,"Bandung","wanita",28,"ya","suka","online","supermarket","pasar",NA,NA
"669",669,"Bandung","wanita",36,"tidak","sangat tidak suka",NA,NA,NA,NA,NA
"670",670,"Tasikmalaya","wanita",39,"ya","suka","minimarket","pasar","warung",NA,NA
"671",671,"Tasikmalaya","wanita",32,"tidak","suka",NA,NA,NA,NA,NA
"672",672,"Bandung","pria",33,"ya","sangat tidak suka","online","minimarket","pasar",NA,NA
"673",673,"Garut","wanita",37,"ya","suka","minimarket","online","supermarket","pasar",NA
"674",674,"Bandung","pria",29,"tidak","sangat tidak suka",NA,NA,NA,NA,NA
"675",675,"Garut","pria",38,"ya","suka","pasar","supermarket","minimarket",NA,NA
"676",676,"Jakarta","wanita",40,"ya","suka","online",NA,NA,NA,NA
"677",677,"Tasikmalaya","wanita",34,"tidak","suka",NA,NA,NA,NA,NA
"678",678,"Garut","pria",26,"ya","sangat tidak suka","warung","minimarket","pasar","online","supermarket"
"679",679,"Jakarta","wanita",25,"ya","suka","pasar","online",NA,NA,NA
"680",680,"Bandung","wanita",34,"ya","suka","minimarket","online","pasar","warung","supermarket"
"681",681,"Garut","wanita",26,"tidak","suka",NA,NA,NA,NA,NA
"682",682,"Jakarta","pria",31,"tidak","sangat tidak suka",NA,NA,NA,NA,NA
"683",683,"Sukabumi","wanita",34,"tidak","tidak suka",NA,NA,NA,NA,NA
"684",684,"Garut","wanita",40,"ya","sangat tidak suka","online","supermarket","warung",NA,NA
"685",685,"Bandung","wanita",37,"ya","sangat tidak suka","online","pasar","supermarket","warung","minimarket"
"686",686,"Garut","wanita",38,"ya","suka","supermarket","online","minimarket",NA,NA
"687",687,"Garut","wanita",25,"tidak","suka",NA,NA,NA,NA,NA
"688",688,"Tasikmalaya","pria",29,"ya","sangat suka","minimarket","supermarket","online","warung",NA
"689",689,"Garut","wanita",30,"tidak","suka",NA,NA,NA,NA,NA
"690",690,"Tasikmalaya","wanita",26,"ya","sangat tidak suka","minimarket","supermarket",NA,NA,NA
"691",691,"Bandung","pria",28,"ya","suka","supermarket","minimarket","pasar","warung",NA
"692",692,"Jakarta","wanita",29,"ya","suka","warung","supermarket","online",NA,NA
"693",693,"Bandung","wanita",31,"tidak","suka",NA,NA,NA,NA,NA
"694",694,"Sukabumi","wanita",31,"tidak","sangat tidak suka",NA,NA,NA,NA,NA
"695",695,"Sukabumi","pria",37,"ya","sangat suka","pasar","online","warung",NA,NA
"696",696,"Bandung","wanita",28,"tidak","sangat tidak suka",NA,NA,NA,NA,NA
"697",697,"Sukabumi","wanita",26,"tidak","tidak suka",NA,NA,NA,NA,NA
"698",698,"Sukabumi","wanita",32,"ya","sangat tidak suka","warung","supermarket","online",NA,NA
"699",699,"Tasikmalaya","pria",31,"tidak","sangat tidak suka",NA,NA,NA,NA,NA
"700",700,"Tasikmalaya","pria",34,"ya","suka","warung","minimarket","pasar","online",NA
"701",701,"Jakarta","wanita",33,"ya","sangat suka","warung","online","pasar","minimarket",NA
"702",702,"Sukabumi","wanita",38,"tidak","tidak suka",NA,NA,NA,NA,NA
"703",703,"Garut","wanita",33,"tidak","suka",NA,NA,NA,NA,NA
"704",704,"Bandung","pria",30,"ya","sangat tidak suka","supermarket","minimarket","pasar","online",NA
"705",705,"Garut","wanita",33,"ya","suka","minimarket","pasar","online","supermarket",NA
"706",706,"Jakarta","wanita",37,"tidak","suka",NA,NA,NA,NA,NA
"707",707,"Jakarta","wanita",37,"tidak","suka",NA,NA,NA,NA,NA
"708",708,"Sukabumi","wanita",29,"tidak","suka",NA,NA,NA,NA,NA
"709",709,"Tasikmalaya","wanita",32,"tidak","suka",NA,NA,NA,NA,NA
"710",710,"Jakarta","wanita",36,"ya","sangat suka","warung","minimarket","pasar",NA,NA
"711",711,"Tasikmalaya","wanita",26,"tidak","suka",NA,NA,NA,NA,NA
"712",712,"Tasikmalaya","pria",25,"tidak","suka",NA,NA,NA,NA,NA
"713",713,"Jakarta","wanita",26,"tidak","suka",NA,NA,NA,NA,NA
"714",714,"Bandung","wanita",38,"tidak","suka",NA,NA,NA,NA,NA
"715",715,"Garut","wanita",26,"ya","suka","pasar","minimarket","supermarket","online","warung"
"716",716,"Tasikmalaya","wanita",28,"tidak","sangat tidak suka",NA,NA,NA,NA,NA
"717",717,"Jakarta","wanita",28,"tidak","suka",NA,NA,NA,NA,NA
"718",718,"Sukabumi","wanita",29,"tidak","suka",NA,NA,NA,NA,NA
"719",719,"Sukabumi","wanita",39,"tidak","suka",NA,NA,NA,NA,NA
"720",720,"Jakarta","wanita",25,"tidak","suka",NA,NA,NA,NA,NA
"721",721,"Tasikmalaya","wanita",33,"tidak","sangat tidak suka",NA,NA,NA,NA,NA
"722",722,"Garut","wanita",26,"tidak","sangat suka",NA,NA,NA,NA,NA
"723",723,"Sukabumi","wanita",36,"tidak","suka",NA,NA,NA,NA,NA
"724",724,"Sukabumi","wanita",39,"ya","suka","online","supermarket","pasar","minimarket",NA
"725",725,"Bandung","wanita",25,"tidak","sangat tidak suka",NA,NA,NA,NA,NA
"726",726,"Sukabumi","pria",35,"ya","tidak suka","warung","online","minimarket","supermarket",NA
"727",727,"Sukabumi","pria",26,"ya","suka","online","minimarket","pasar","warung","supermarket"
"728",728,"Tasikmalaya","wanita",28,"tidak","tidak suka",NA,NA,NA,NA,NA
"729",729,"Sukabumi","wanita",36,"ya","sangat tidak suka","warung","online","minimarket","supermarket",NA
"730",730,"Tasikmalaya","pria",34,"tidak","suka",NA,NA,NA,NA,NA
"731",731,"Sukabumi","wanita",33,"tidak","suka",NA,NA,NA,NA,NA
"732",732,"Jakarta","wanita",29,"tidak","suka",NA,NA,NA,NA,NA
"733",733,"Bandung","wanita",26,"ya","sangat tidak suka","warung","online","supermarket",NA,NA
"734",734,"Jakarta","pria",36,"tidak","tidak suka",NA,NA,NA,NA,NA
"735",735,"Sukabumi","wanita",34,"tidak","suka",NA,NA,NA,NA,NA
"736",736,"Garut","wanita",33,"ya","suka","pasar","online","minimarket","warung","supermarket"
"737",737,"Tasikmalaya","wanita",40,"ya","sangat tidak suka","online","minimarket","pasar",NA,NA
"738",738,"Sukabumi","pria",35,"tidak","suka",NA,NA,NA,NA,NA
"739",739,"Tasikmalaya","wanita",39,"ya","sangat tidak suka","warung","pasar","online","supermarket",NA
"740",740,"Tasikmalaya","wanita",35,"tidak","suka",NA,NA,NA,NA,NA
"741",741,"Sukabumi","wanita",31,"ya","tidak suka","supermarket","pasar","warung",NA,NA
"742",742,"Sukabumi","wanita",34,"tidak","sangat tidak suka",NA,NA,NA,NA,NA
"743",743,"Jakarta","pria",34,"tidak","suka",NA,NA,NA,NA,NA
"744",744,"Jakarta","wanita",25,"tidak","suka",NA,NA,NA,NA,NA
"745",745,"Sukabumi","pria",26,"tidak","suka",NA,NA,NA,NA,NA
"746",746,"Garut","wanita",30,"tidak","suka",NA,NA,NA,NA,NA
"747",747,"Bandung","wanita",33,"ya","sangat suka","online","minimarket","warung","pasar",NA
"748",748,"Bandung","wanita",38,"tidak","tidak suka",NA,NA,NA,NA,NA
"749",749,"Garut","wanita",40,"ya","sangat suka","pasar","online",NA,NA,NA
"750",750,"Garut","pria",34,"ya","suka","pasar","warung","online",NA,NA
"751",751,"Bandung","wanita",30,"tidak","suka",NA,NA,NA,NA,NA
"752",752,"Garut","wanita",36,"tidak","sangat suka",NA,NA,NA,NA,NA
"753",753,"Tasikmalaya","wanita",33,"tidak","suka",NA,NA,NA,NA,NA
"754",754,"Garut","pria",28,"tidak","suka",NA,NA,NA,NA,NA
"755",755,"Jakarta","wanita",28,"ya","sangat tidak suka","warung","minimarket","pasar","supermarket",NA
"756",756,"Bandung","wanita",30,"tidak","suka",NA,NA,NA,NA,NA
"757",757,"Jakarta","wanita",29,"tidak","sangat tidak suka",NA,NA,NA,NA,NA
"758",758,"Tasikmalaya","wanita",35,"tidak","suka",NA,NA,NA,NA,NA
"759",759,"Jakarta","pria",37,"tidak","sangat suka",NA,NA,NA,NA,NA
"760",760,"Garut","wanita",25,"ya","suka","minimarket","pasar","warung",NA,NA
"761",761,"Tasikmalaya","wanita",32,"tidak","suka",NA,NA,NA,NA,NA
"762",762,"Bandung","wanita",33,"tidak","tidak suka",NA,NA,NA,NA,NA
"763",763,"Garut","wanita",40,"tidak","sangat tidak suka",NA,NA,NA,NA,NA
"764",764,"Sukabumi","wanita",32,"ya","sangat tidak suka","minimarket","warung",NA,NA,NA
"765",765,"Bandung","wanita",38,"tidak","tidak suka",NA,NA,NA,NA,NA
"766",766,"Sukabumi","wanita",31,"tidak","suka",NA,NA,NA,NA,NA
"767",767,"Bandung","wanita",30,"ya","tidak suka","warung","online","minimarket","pasar",NA
"768",768,"Sukabumi","wanita",25,"tidak","tidak suka",NA,NA,NA,NA,NA
"769",769,"Sukabumi","wanita",37,"tidak","tidak suka",NA,NA,NA,NA,NA
"770",770,"Bandung","pria",31,"tidak","sangat tidak suka",NA,NA,NA,NA,NA
"771",771,"Garut","wanita",35,"tidak","suka",NA,NA,NA,NA,NA
"772",772,"Sukabumi","pria",37,"tidak","suka",NA,NA,NA,NA,NA
"773",773,"Bandung","wanita",28,"ya","tidak suka","supermarket","online","pasar",NA,NA
"774",774,"Sukabumi","wanita",30,"tidak","sangat tidak suka",NA,NA,NA,NA,NA
"775",775,"Jakarta","pria",31,"ya","sangat tidak suka","pasar","online",NA,NA,NA
"776",776,"Tasikmalaya","wanita",37,"tidak","tidak suka",NA,NA,NA,NA,NA
"777",777,"Garut","wanita",40,"ya","suka","supermarket","pasar","online",NA,NA
"778",778,"Tasikmalaya","wanita",35,"ya","sangat tidak suka","minimarket","pasar",NA,NA,NA
"779",779,"Garut","wanita",30,"tidak","sangat suka",NA,NA,NA,NA,NA
"780",780,"Bandung","wanita",31,"ya","sangat suka","minimarket","warung","online","supermarket",NA
"781",781,"Sukabumi","wanita",32,"ya","suka","warung","online",NA,NA,NA
"782",782,"Jakarta","wanita",37,"tidak","suka",NA,NA,NA,NA,NA
"783",783,"Sukabumi","wanita",38,"ya","sangat suka","warung","supermarket","pasar","minimarket",NA
"784",784,"Sukabumi","pria",32,"tidak","sangat tidak suka",NA,NA,NA,NA,NA
"785",785,"Garut","wanita",28,"tidak","sangat tidak suka",NA,NA,NA,NA,NA
"786",786,"Garut","pria",28,"tidak","sangat suka",NA,NA,NA,NA,NA
"787",787,"Sukabumi","wanita",32,"ya","tidak suka","warung","online","pasar",NA,NA
"788",788,"Tasikmalaya","pria",33,"tidak","suka",NA,NA,NA,NA,NA
"789",789,"Bandung","wanita",26,"ya","sangat suka","warung","online","minimarket",NA,NA
"790",790,"Jakarta","pria",27,"tidak","sangat tidak suka",NA,NA,NA,NA,NA
"791",791,"Jakarta","wanita",35,"tidak","suka",NA,NA,NA,NA,NA
"792",792,"Jakarta","pria",37,"ya","sangat tidak suka","supermarket","minimarket","online",NA,NA
"793",793,"Garut","pria",35,"ya","sangat tidak suka","warung","pasar",NA,NA,NA
"794",794,"Jakarta","wanita",30,"tidak","tidak suka",NA,NA,NA,NA,NA
"795",795,"Bandung","wanita",36,"ya","suka","online","pasar","supermarket","warung","minimarket"
"796",796,"Sukabumi","pria",30,"tidak","suka",NA,NA,NA,NA,NA
"797",797,"Sukabumi","pria",38,"tidak","sangat tidak suka",NA,NA,NA,NA,NA
"798",798,"Jakarta","wanita",30,"tidak","suka",NA,NA,NA,NA,NA
"799",799,"Sukabumi","wanita",34,"tidak","sangat suka",NA,NA,NA,NA,NA
"800",800,"Jakarta","wanita",39,"ya","tidak suka","warung","online","minimarket","supermarket",NA
"801",801,"Sukabumi","wanita",27,"ya","suka","online","minimarket","pasar",NA,NA
"802",802,"Jakarta","wanita",25,"tidak","sangat suka",NA,NA,NA,NA,NA
"803",803,"Jakarta","pria",30,"tidak","suka",NA,NA,NA,NA,NA
"804",804,"Sukabumi","pria",27,"ya","suka","supermarket","minimarket","online",NA,NA
"805",805,"Jakarta","wanita",31,"tidak","suka",NA,NA,NA,NA,NA
"806",806,"Bandung","pria",29,"ya","sangat suka","pasar","online","warung","minimarket","supermarket"
"807",807,"Garut","pria",35,"ya","sangat tidak suka","online","pasar",NA,NA,NA
"808",808,"Sukabumi","wanita",30,"ya","suka","supermarket","minimarket","pasar",NA,NA
"809",809,"Jakarta","wanita",26,"tidak","sangat suka",NA,NA,NA,NA,NA
"810",810,"Bandung","wanita",28,"tidak","suka",NA,NA,NA,NA,NA
"811",811,"Tasikmalaya","pria",31,"ya","suka","pasar","minimarket","warung","online",NA
"812",812,"Jakarta","wanita",37,"ya","suka","online","supermarket","warung","minimarket",NA
"813",813,"Garut","pria",32,"tidak","suka",NA,NA,NA,NA,NA
"814",814,"Bandung","wanita",33,"tidak","suka",NA,NA,NA,NA,NA
"815",815,"Tasikmalaya","wanita",31,"ya","suka","supermarket","warung",NA,NA,NA
"816",816,"Sukabumi","wanita",39,"ya","sangat suka","warung","online","supermarket",NA,NA
"817",817,"Bandung","wanita",32,"tidak","suka",NA,NA,NA,NA,NA
"818",818,"Jakarta","wanita",27,"tidak","sangat tidak suka",NA,NA,NA,NA,NA
"819",819,"Bandung","pria",38,"ya","sangat tidak suka","online","minimarket","pasar",NA,NA
"820",820,"Garut","wanita",34,"ya","tidak suka","online","pasar","warung",NA,NA
"821",821,"Tasikmalaya","wanita",39,"tidak","sangat tidak suka",NA,NA,NA,NA,NA
"822",822,"Tasikmalaya","wanita",38,"ya","suka","minimarket","supermarket","warung","online",NA
"823",823,"Sukabumi","wanita",34,"tidak","suka",NA,NA,NA,NA,NA
"824",824,"Sukabumi","wanita",40,"tidak","tidak suka",NA,NA,NA,NA,NA
"825",825,"Bandung","wanita",30,"ya","suka","minimarket","pasar","warung",NA,NA
"826",826,"Jakarta","wanita",39,"tidak","suka",NA,NA,NA,NA,NA
"827",827,"Jakarta","pria",34,"tidak","tidak suka",NA,NA,NA,NA,NA
"828",828,"Sukabumi","wanita",28,"ya","suka","supermarket","pasar","online","minimarket",NA
"829",829,"Sukabumi","pria",33,"tidak","sangat suka",NA,NA,NA,NA,NA
"830",830,"Garut","wanita",31,"tidak","sangat tidak suka",NA,NA,NA,NA,NA
"831",831,"Jakarta","pria",33,"tidak","suka",NA,NA,NA,NA,NA
"832",832,"Jakarta","pria",40,"tidak","suka",NA,NA,NA,NA,NA
"833",833,"Garut","wanita",27,"ya","suka","supermarket","online","warung",NA,NA
"834",834,"Jakarta","wanita",36,"ya","sangat tidak suka","warung","supermarket","pasar","online",NA
"835",835,"Tasikmalaya","wanita",26,"tidak","sangat tidak suka",NA,NA,NA,NA,NA
"836",836,"Garut","wanita",26,"tidak","suka",NA,NA,NA,NA,NA
"837",837,"Jakarta","wanita",30,"tidak","sangat tidak suka",NA,NA,NA,NA,NA
"838",838,"Jakarta","pria",31,"ya","sangat suka","online","warung","minimarket",NA,NA
"839",839,"Garut","wanita",29,"tidak","suka",NA,NA,NA,NA,NA
"840",840,"Jakarta","wanita",40,"ya","suka","online","supermarket","pasar",NA,NA
"841",841,"Jakarta","wanita",37,"tidak","sangat suka",NA,NA,NA,NA,NA
"842",842,"Bandung","pria",40,"tidak","suka",NA,NA,NA,NA,NA
"843",843,"Garut","pria",28,"tidak","tidak suka",NA,NA,NA,NA,NA
"844",844,"Bandung","wanita",25,"ya","sangat suka","pasar","supermarket","minimarket",NA,NA
"845",845,"Sukabumi","pria",35,"tidak","sangat tidak suka",NA,NA,NA,NA,NA
"846",846,"Garut","wanita",34,"tidak","sangat tidak suka",NA,NA,NA,NA,NA
"847",847,"Garut","wanita",36,"tidak","suka",NA,NA,NA,NA,NA
"848",848,"Jakarta","wanita",28,"tidak","tidak suka",NA,NA,NA,NA,NA
"849",849,"Garut","wanita",28,"tidak","tidak suka",NA,NA,NA,NA,NA
"850",850,"Bandung","wanita",31,"tidak","suka",NA,NA,NA,NA,NA
"851",851,"Tasikmalaya","wanita",29,"ya","sangat tidak suka","online","warung",NA,NA,NA
"852",852,"Bandung","wanita",28,"tidak","suka",NA,NA,NA,NA,NA
"853",853,"Sukabumi","wanita",34,"tidak","suka",NA,NA,NA,NA,NA
"854",854,"Sukabumi","wanita",36,"tidak","sangat tidak suka",NA,NA,NA,NA,NA
"855",855,"Sukabumi","pria",40,"tidak","sangat suka",NA,NA,NA,NA,NA
"856",856,"Jakarta","wanita",38,"tidak","suka",NA,NA,NA,NA,NA
"857",857,"Tasikmalaya","wanita",35,"ya","suka","minimarket","supermarket","warung",NA,NA
"858",858,"Garut","wanita",39,"tidak","sangat suka",NA,NA,NA,NA,NA
"859",859,"Sukabumi","wanita",32,"ya","sangat tidak suka","warung","pasar","supermarket",NA,NA
"860",860,"Jakarta","wanita",28,"tidak","suka",NA,NA,NA,NA,NA
"861",861,"Bandung","pria",30,"tidak","sangat tidak suka",NA,NA,NA,NA,NA
"862",862,"Garut","wanita",29,"tidak","suka",NA,NA,NA,NA,NA
"863",863,"Tasikmalaya","pria",27,"tidak","suka",NA,NA,NA,NA,NA
"864",864,"Sukabumi","pria",31,"tidak","suka",NA,NA,NA,NA,NA
"865",865,"Sukabumi","wanita",40,"tidak","suka",NA,NA,NA,NA,NA
"866",866,"Sukabumi","wanita",40,"tidak","sangat suka",NA,NA,NA,NA,NA
"867",867,"Bandung","pria",32,"tidak","sangat tidak suka",NA,NA,NA,NA,NA
"868",868,"Jakarta","wanita",38,"ya","sangat tidak suka","warung","minimarket","pasar","online","supermarket"
"869",869,"Garut","pria",29,"tidak","suka",NA,NA,NA,NA,NA
"870",870,"Bandung","wanita",28,"ya","suka","supermarket","warung",NA,NA,NA
"871",871,"Sukabumi","pria",35,"tidak","sangat tidak suka",NA,NA,NA,NA,NA
"872",872,"Tasikmalaya","wanita",34,"ya","suka","online","supermarket","pasar","minimarket","warung"
"873",873,"Tasikmalaya","wanita",30,"ya","tidak suka","pasar","online","warung","minimarket",NA
"874",874,"Jakarta","pria",29,"tidak","tidak suka",NA,NA,NA,NA,NA
"875",875,"Garut","pria",33,"ya","suka","online","pasar","minimarket",NA,NA
"876",876,"Jakarta","pria",27,"ya","suka","supermarket","minimarket","pasar",NA,NA
"877",877,"Sukabumi","pria",26,"tidak","suka",NA,NA,NA,NA,NA
"878",878,"Tasikmalaya","pria",39,"ya","sangat tidak suka","supermarket","warung","online",NA,NA
"879",879,"Garut","pria",26,"ya","sangat suka","pasar","supermarket","warung","online",NA
"880",880,"Jakarta","wanita",38,"ya","suka","minimarket","pasar","supermarket",NA,NA
"881",881,"Jakarta","wanita",28,"tidak","sangat tidak suka",NA,NA,NA,NA,NA
"882",882,"Bandung","wanita",28,"tidak","suka",NA,NA,NA,NA,NA
"883",883,"Sukabumi","pria",36,"tidak","sangat tidak suka",NA,NA,NA,NA,NA
"884",884,"Tasikmalaya","wanita",36,"ya","sangat tidak suka","supermarket","warung","pasar","minimarket",NA
"885",885,"Garut","wanita",25,"ya","sangat tidak suka","warung","minimarket",NA,NA,NA
"886",886,"Jakarta","pria",28,"ya","suka","minimarket","supermarket","online",NA,NA
"887",887,"Bandung","wanita",26,"tidak","suka",NA,NA,NA,NA,NA
"888",888,"Bandung","pria",34,"ya","suka","supermarket","minimarket",NA,NA,NA
"889",889,"Tasikmalaya","wanita",32,"tidak","suka",NA,NA,NA,NA,NA
"890",890,"Garut","pria",36,"ya","suka","warung","minimarket","pasar","online",NA
"891",891,"Bandung","wanita",33,"ya","tidak suka","online","warung","pasar",NA,NA
"892",892,"Tasikmalaya","wanita",33,"ya","suka","minimarket","online",NA,NA,NA
"893",893,"Bandung","wanita",28,"tidak","sangat suka",NA,NA,NA,NA,NA
"894",894,"Jakarta","wanita",30,"tidak","sangat tidak suka",NA,NA,NA,NA,NA
"895",895,"Garut","wanita",30,"ya","sangat tidak suka","online","warung","pasar","supermarket",NA
"896",896,"Jakarta","wanita",26,"tidak","sangat suka",NA,NA,NA,NA,NA
"897",897,"Garut","wanita",30,"tidak","sangat suka",NA,NA,NA,NA,NA
"898",898,"Jakarta","wanita",34,"ya","tidak suka","pasar","warung",NA,NA,NA
"899",899,"Bandung","wanita",30,"tidak","sangat suka",NA,NA,NA,NA,NA
"900",900,"Jakarta","wanita",33,"ya","suka","pasar","minimarket","supermarket",NA,NA
"901",901,"Sukabumi","wanita",26,"ya","sangat tidak suka","minimarket","online","warung","pasar",NA
"902",902,"Jakarta","wanita",30,"tidak","sangat tidak suka",NA,NA,NA,NA,NA
"903",903,"Sukabumi","pria",25,"tidak","sangat suka",NA,NA,NA,NA,NA
"904",904,"Jakarta","wanita",40,"ya","sangat tidak suka","minimarket","pasar","warung",NA,NA
"905",905,"Garut","pria",28,"ya","suka","online","pasar",NA,NA,NA
"906",906,"Tasikmalaya","wanita",32,"tidak","suka",NA,NA,NA,NA,NA
"907",907,"Tasikmalaya","wanita",32,"tidak","sangat suka",NA,NA,NA,NA,NA
"908",908,"Jakarta","pria",34,"tidak","suka",NA,NA,NA,NA,NA
"909",909,"Sukabumi","wanita",35,"tidak","sangat tidak suka",NA,NA,NA,NA,NA
"910",910,"Bandung","pria",25,"ya","suka","online","warung","supermarket","minimarket","pasar"
"911",911,"Bandung","wanita",31,"tidak","tidak suka",NA,NA,NA,NA,NA
"912",912,"Sukabumi","wanita",25,"tidak","suka",NA,NA,NA,NA,NA
"913",913,"Jakarta","pria",36,"tidak","suka",NA,NA,NA,NA,NA
"914",914,"Sukabumi","pria",36,"tidak","suka",NA,NA,NA,NA,NA
"915",915,"Garut","pria",34,"ya","suka","online","warung","minimarket","supermarket",NA
"916",916,"Jakarta","pria",32,"tidak","sangat suka",NA,NA,NA,NA,NA
"917",917,"Jakarta","pria",28,"tidak","sangat tidak suka",NA,NA,NA,NA,NA
"918",918,"Jakarta","pria",27,"tidak","suka",NA,NA,NA,NA,NA
"919",919,"Bandung","wanita",34,"tidak","sangat suka",NA,NA,NA,NA,NA
"920",920,"Jakarta","wanita",40,"tidak","sangat suka",NA,NA,NA,NA,NA
"921",921,"Garut","wanita",37,"tidak","suka",NA,NA,NA,NA,NA
"922",922,"Garut","wanita",25,"tidak","sangat tidak suka",NA,NA,NA,NA,NA
"923",923,"Bandung","wanita",27,"tidak","suka",NA,NA,NA,NA,NA
"924",924,"Sukabumi","wanita",25,"ya","sangat tidak suka","supermarket","online",NA,NA,NA
"925",925,"Jakarta","wanita",29,"tidak","sangat tidak suka",NA,NA,NA,NA,NA
"926",926,"Sukabumi","wanita",32,"ya","sangat tidak suka","pasar","minimarket","online","warung",NA
"927",927,"Jakarta","wanita",32,"ya","tidak suka","minimarket","warung",NA,NA,NA
"928",928,"Bandung","wanita",38,"tidak","suka",NA,NA,NA,NA,NA
"929",929,"Garut","pria",25,"ya","suka","minimarket","warung","pasar","online",NA
"930",930,"Tasikmalaya","wanita",32,"tidak","suka",NA,NA,NA,NA,NA
"931",931,"Tasikmalaya","wanita",34,"tidak","sangat suka",NA,NA,NA,NA,NA
"932",932,"Jakarta","pria",33,"tidak","suka",NA,NA,NA,NA,NA
"933",933,"Garut","wanita",32,"ya","sangat suka","supermarket","minimarket","pasar",NA,NA
"934",934,"Bandung","wanita",26,"tidak","suka",NA,NA,NA,NA,NA
"935",935,"Jakarta","pria",32,"tidak","suka",NA,NA,NA,NA,NA
"936",936,"Bandung","pria",27,"ya","suka","online","supermarket","pasar","minimarket",NA
"937",937,"Jakarta","pria",26,"ya","suka","minimarket","online","pasar","warung",NA
"938",938,"Jakarta","wanita",28,"tidak","suka",NA,NA,NA,NA,NA
"939",939,"Sukabumi","wanita",26,"ya","suka","online","supermarket",NA,NA,NA
"940",940,"Bandung","pria",40,"tidak","sangat suka",NA,NA,NA,NA,NA
"941",941,"Sukabumi","wanita",39,"ya","sangat tidak suka","warung","pasar","supermarket",NA,NA
"942",942,"Jakarta","wanita",25,"tidak","suka",NA,NA,NA,NA,NA
"943",943,"Jakarta","wanita",27,"tidak","sangat suka",NA,NA,NA,NA,NA
"944",944,"Jakarta","wanita",37,"tidak","sangat tidak suka",NA,NA,NA,NA,NA
"945",945,"Sukabumi","wanita",31,"tidak","sangat suka",NA,NA,NA,NA,NA
"946",946,"Jakarta","wanita",37,"tidak","tidak suka",NA,NA,NA,NA,NA
"947",947,"Jakarta","wanita",25,"ya","sangat suka","online","pasar","warung",NA,NA
"948",948,"Tasikmalaya","pria",38,"tidak","sangat tidak suka",NA,NA,NA,NA,NA
"949",949,"Garut","wanita",25,"ya","suka","minimarket","online","pasar",NA,NA
"950",950,"Garut","wanita",39,"ya","tidak suka","pasar","online","minimarket",NA,NA
"951",951,"Bandung","wanita",31,"tidak","sangat tidak suka",NA,NA,NA,NA,NA
"952",952,"Tasikmalaya","wanita",39,"tidak","suka",NA,NA,NA,NA,NA
"953",953,"Tasikmalaya","wanita",37,"tidak","sangat tidak suka",NA,NA,NA,NA,NA
"954",954,"Jakarta","pria",26,"tidak","suka",NA,NA,NA,NA,NA
"955",955,"Garut","pria",31,"ya","sangat tidak suka","minimarket","supermarket","pasar","warung",NA
"956",956,"Sukabumi","pria",31,"tidak","sangat suka",NA,NA,NA,NA,NA
"957",957,"Bandung","wanita",29,"tidak","sangat tidak suka",NA,NA,NA,NA,NA
"958",958,"Tasikmalaya","wanita",30,"tidak","suka",NA,NA,NA,NA,NA
"959",959,"Tasikmalaya","wanita",26,"tidak","tidak suka",NA,NA,NA,NA,NA
"960",960,"Tasikmalaya","wanita",40,"ya","sangat suka","online","supermarket","minimarket","pasar",NA
"961",961,"Sukabumi","wanita",27,"tidak","sangat tidak suka",NA,NA,NA,NA,NA
"962",962,"Jakarta","wanita",39,"tidak","sangat tidak suka",NA,NA,NA,NA,NA
"963",963,"Bandung","wanita",31,"tidak","tidak suka",NA,NA,NA,NA,NA
"964",964,"Bandung","wanita",29,"ya","tidak suka","minimarket","pasar",NA,NA,NA
"965",965,"Sukabumi","wanita",33,"tidak","suka",NA,NA,NA,NA,NA
"966",966,"Tasikmalaya","wanita",30,"tidak","sangat tidak suka",NA,NA,NA,NA,NA
"967",967,"Jakarta","wanita",29,"ya","suka","online","warung",NA,NA,NA
"968",968,"Tasikmalaya","wanita",29,"tidak","suka",NA,NA,NA,NA,NA
"969",969,"Tasikmalaya","wanita",30,"tidak","sangat suka",NA,NA,NA,NA,NA
"970",970,"Sukabumi","wanita",37,"tidak","tidak suka",NA,NA,NA,NA,NA
"971",971,"Jakarta","pria",37,"tidak","suka",NA,NA,NA,NA,NA
"972",972,"Garut","wanita",37,"tidak","suka",NA,NA,NA,NA,NA
"973",973,"Bandung","wanita",26,"ya","sangat tidak suka","online","minimarket","warung","supermarket","pasar"
"974",974,"Garut","wanita",32,"tidak","suka",NA,NA,NA,NA,NA
"975",975,"Garut","wanita",26,"ya","suka","pasar","supermarket","minimarket","warung",NA
"976",976,"Garut","wanita",38,"tidak","sangat tidak suka",NA,NA,NA,NA,NA
"977",977,"Tasikmalaya","wanita",37,"ya","suka","online","warung","minimarket",NA,NA
"978",978,"Garut","pria",34,"ya","sangat tidak suka","warung","pasar","online",NA,NA
"979",979,"Jakarta","wanita",34,"tidak","tidak suka",NA,NA,NA,NA,NA
"980",980,"Tasikmalaya","wanita",39,"ya","sangat tidak suka","minimarket","online","supermarket",NA,NA
"981",981,"Jakarta","wanita",32,"ya","suka","online","supermarket","pasar","minimarket",NA
"982",982,"Sukabumi","wanita",37,"tidak","sangat tidak suka",NA,NA,NA,NA,NA
"983",983,"Tasikmalaya","wanita",25,"ya","suka","pasar","minimarket","warung",NA,NA
"984",984,"Jakarta","wanita",25,"tidak","tidak suka",NA,NA,NA,NA,NA
"985",985,"Sukabumi","pria",26,"tidak","sangat tidak suka",NA,NA,NA,NA,NA
"986",986,"Garut","wanita",27,"tidak","sangat suka",NA,NA,NA,NA,NA
"987",987,"Tasikmalaya","wanita",31,"ya","sangat tidak suka","minimarket","online",NA,NA,NA
"988",988,"Jakarta","pria",34,"tidak","suka",NA,NA,NA,NA,NA
"989",989,"Bandung","wanita",30,"ya","sangat tidak suka","online",NA,NA,NA,NA
"990",990,"Tasikmalaya","pria",33,"tidak","suka",NA,NA,NA,NA,NA
"991",991,"Sukabumi","wanita",28,"tidak","suka",NA,NA,NA,NA,NA
"992",992,"Bandung","wanita",39,"ya","suka","pasar","warung","supermarket","minimarket",NA
"993",993,"Tasikmalaya","wanita",29,"ya","sangat tidak suka","pasar","online","warung",NA,NA
"994",994,"Tasikmalaya","pria",34,"tidak","sangat tidak suka",NA,NA,NA,NA,NA
"995",995,"Jakarta","wanita",27,"ya","suka","warung","online","minimarket","pasar","supermarket"
"996",996,"Garut","wanita",33,"tidak","sangat suka",NA,NA,NA,NA,NA
"997",997,"Bandung","wanita",37,"tidak","suka",NA,NA,NA,NA,NA
"998",998,"Garut","wanita",28,"tidak","sangat tidak suka",NA,NA,NA,NA,NA
"999",999,"Jakarta","wanita",29,"tidak","tidak suka",NA,NA,NA,NA,NA
"1000",1000,"Garut","wanita",39,"ya","suka","warung","pasar","online",NA,NA
